mtllib bench.mtl
o defaultMaterial
usemtl lambert2SG
v -0.8285710215568542 -0.14310803544512404 0.9163339671522951
v -0.8285710215568542 -0.0631043417452874 0.9163339706493678
v -0.8959090113639832 -0.0631043417452874 0.9163339706493678
v -0.8959090113639832 -0.14310803544512404 0.9163339671522951
v -0.8285710215568542 -0.04596314039397654 0.8991929868634162
v -0.8285710215568542 -0.04596306177558849 -0.8993859907214211
v -0.8959090113639832 -0.04596306177558849 -0.8993859907214211
v -0.8959090113639832 -0.04596314039397654 0.8991929868634162
v -0.8285710215568542 -0.06310426162838681 -0.916526976005904
v -0.8285710215568542 -0.14310795532822346 -0.9165269795029768
v -0.8959090113639832 -0.14310795532822346 -0.9165269795029768
v -0.8959090113639832 -0.06310426162838681 -0.916526976005904
v -0.8285710215568542 -0.1602489555138582 -0.8993859957170164
v -0.8285710215568542 -0.16024903413224625 0.8991929818678209
v -0.8959090113639832 -0.16024903413224625 0.8991929818678209
v -0.8959090113639832 -0.1602489555138582 -0.8993859957170164
v -0.8959090113639832 -0.15522804369427812 0.9113129905559233
v -0.8285710215568542 -0.15522804369427812 0.9113129905559233
v -0.8285710215568542 -0.15522804369427812 0.9113129905559233
v -0.8959090113639832 -0.15522804369427812 0.9113129905559233
v -0.8959090113639832 -0.05098374073602817 0.9113129951125868
v -0.8285710215568542 -0.05098374073602817 0.9113129951125868
v -0.8285710215568542 -0.05098374073602817 0.9113129951125868
v -0.8959090113639832 -0.05098374073602817 0.9113129951125868
v -0.8959090113639832 -0.0631043417452874 0.9163339706493678
v -0.8285710215568542 -0.0631043417452874 0.9163339706493678
v -0.8285710215568542 -0.06310426162838681 -0.916526976005904
v -0.8959090113639832 -0.06310426162838681 -0.916526976005904
v -0.8959090113639832 -0.05098366105807527 -0.9115059994095064
v -0.8285710215568542 -0.05098366105807527 -0.9115059994095064
v -0.8285710215568542 -0.05098366105807527 -0.9115059994095064
v -0.8959090113639832 -0.05098366105807527 -0.9115059994095064
v -0.8959090113639832 -0.15522796401632522 -0.9115060039661699
v -0.8285710215568542 -0.15522796401632522 -0.9115060039661699
v -0.8285710215568542 -0.15522796401632522 -0.9115060039661699
v -0.8959090113639832 -0.15522796401632522 -0.9115060039661699
v -0.8285710215568542 -0.1602489555138582 -0.8993859957170164
v -0.8285710215568542 -0.15522796401632522 -0.9115060039661699
v -0.8285710215568542 -0.14310795532822346 -0.9165269795029768
v -0.8285710215568542 -0.06310426162838681 -0.916526976005904
v -0.8285710215568542 -0.05098366105807527 -0.9115059994095064
v -0.8285710215568542 -0.04596306177558849 -0.8993859907214211
v -0.8285710215568542 -0.04596314039397654 0.8991929868634162
v -0.8285710215568542 -0.05098374073602817 0.9113129951125868
v -0.8285710215568542 -0.0631043417452874 0.9163339706493678
v -0.8285710215568542 -0.14310803544512404 0.9163339671522951
v -0.8285710215568542 -0.15522804369427812 0.9113129905559233
v -0.8285710215568542 -0.16024903413224625 0.8991929818678209
v -0.8959090113639832 -0.06310426162838681 -0.916526976005904
v -0.8959090113639832 -0.14310795532822346 -0.9165269795029768
v -0.8959090113639832 -0.15522796401632522 -0.9115060039661699
v -0.8959090113639832 -0.1602489555138582 -0.8993859957170164
v -0.8959090113639832 -0.16024903413224625 0.8991929818678209
v -0.8959090113639832 -0.15522804369427812 0.9113129905559233
v -0.8959090113639832 -0.14310803544512404 0.9163339671522951
v -0.8959090113639832 -0.0631043417452874 0.9163339706493678
v -0.8959090113639832 -0.05098374073602817 0.9113129951125868
v -0.8959090113639832 -0.04596314039397654 0.8991929868634162
v -0.8959090113639832 -0.04596306177558849 -0.8993859907214211
v -0.8959090113639832 -0.05098366105807527 -0.9115059994095064
v 0.8285710215568542 -0.14310803544512404 0.9163339671522951
v 0.8959090113639832 -0.14310803544512404 0.9163339671522951
v 0.8959090113639832 -0.0631043417452874 0.9163339706493678
v 0.8285710215568542 -0.0631043417452874 0.9163339706493678
v 0.8285710215568542 -0.04596314039397654 0.8991929868634162
v 0.8959090113639832 -0.04596314039397654 0.8991929868634162
v 0.8959090113639832 -0.04596306177558849 -0.8993859907214211
v 0.8285710215568542 -0.04596306177558849 -0.8993859907214211
v 0.8285710215568542 -0.06310426162838681 -0.916526976005904
v 0.8959090113639832 -0.06310426162838681 -0.916526976005904
v 0.8959090113639832 -0.14310795532822346 -0.9165269795029768
v 0.8285710215568542 -0.14310795532822346 -0.9165269795029768
v 0.8285710215568542 -0.1602489555138582 -0.8993859957170164
v 0.8959090113639832 -0.1602489555138582 -0.8993859957170164
v 0.8959090113639832 -0.16024903413224625 0.8991929818678209
v 0.8285710215568542 -0.16024903413224625 0.8991929818678209
v 0.8285710215568542 -0.15522804369427812 0.9113129905559233
v 0.8959090113639832 -0.15522804369427812 0.9113129905559233
v 0.8285710215568542 -0.15522804369427812 0.9113129905559233
v 0.8959090113639832 -0.15522804369427812 0.9113129905559233
v 0.8285710215568542 -0.05098374073602817 0.9113129951125868
v 0.8959090113639832 -0.05098374073602817 0.9113129951125868
v 0.8285710215568542 -0.05098374073602817 0.9113129951125868
v 0.8285710215568542 -0.0631043417452874 0.9163339706493678
v 0.8959090113639832 -0.0631043417452874 0.9163339706493678
v 0.8959090113639832 -0.05098374073602817 0.9113129951125868
v 0.8285710215568542 -0.06310426162838681 -0.916526976005904
v 0.8285710215568542 -0.05098366105807527 -0.9115059994095064
v 0.8959090113639832 -0.05098366105807527 -0.9115059994095064
v 0.8959090113639832 -0.06310426162838681 -0.916526976005904
v 0.8285710215568542 -0.05098366105807527 -0.9115059994095064
v 0.8959090113639832 -0.05098366105807527 -0.9115059994095064
v 0.8285710215568542 -0.15522796401632522 -0.9115060039661699
v 0.8959090113639832 -0.15522796401632522 -0.9115060039661699
v 0.8285710215568542 -0.15522796401632522 -0.9115060039661699
v 0.8959090113639832 -0.15522796401632522 -0.9115060039661699
v 0.8285710215568542 -0.1602489555138582 -0.8993859957170164
v 0.8285710215568542 -0.16024903413224625 0.8991929818678209
v 0.8285710215568542 -0.15522804369427812 0.9113129905559233
v 0.8285710215568542 -0.14310803544512404 0.9163339671522951
v 0.8285710215568542 -0.0631043417452874 0.9163339706493678
v 0.8285710215568542 -0.05098374073602817 0.9113129951125868
v 0.8285710215568542 -0.04596314039397654 0.8991929868634162
v 0.8285710215568542 -0.04596306177558849 -0.8993859907214211
v 0.8285710215568542 -0.05098366105807527 -0.9115059994095064
v 0.8285710215568542 -0.06310426162838681 -0.916526976005904
v 0.8285710215568542 -0.14310795532822346 -0.9165269795029768
v 0.8285710215568542 -0.15522796401632522 -0.9115060039661699
v 0.8959090113639832 -0.06310426162838681 -0.916526976005904
v 0.8959090113639832 -0.05098366105807527 -0.9115059994095064
v 0.8959090113639832 -0.04596306177558849 -0.8993859907214211
v 0.8959090113639832 -0.04596314039397654 0.8991929868634162
v 0.8959090113639832 -0.05098374073602817 0.9113129951125868
v 0.8959090113639832 -0.0631043417452874 0.9163339706493678
v 0.8959090113639832 -0.14310803544512404 0.9163339671522951
v 0.8959090113639832 -0.15522804369427812 0.9113129905559233
v 0.8959090113639832 -0.16024903413224625 0.8991929818678209
v 0.8959090113639832 -0.1602489555138582 -0.8993859957170164
v 0.8959090113639832 -0.15522796401632522 -0.9115060039661699
v 0.8959090113639832 -0.14310795532822346 -0.9165269795029768
v -0.8285710215568542 -0.3836069688634783 -0.7148950267625016
v -0.8285710215568542 -0.38391696964984856 -0.7828660179106958
v -0.7310270071029663 -0.38391696964984856 -0.7828660179106958
v -0.7310270071029663 -0.3836069688634783 -0.7148950267625016
v -0.8285710215568542 -0.37562095612979046 -0.7975450322308353
v -0.8285710215568542 0.20163500988431599 -0.15543799711047834
v -0.7310270071029663 0.20163500988431599 -0.15543799711047834
v -0.7310270071029663 -0.37562095612979046 -0.7975450322308353
v -0.8285710215568542 0.20163400848078722 -0.08621739459816243
v -0.8285710215568542 -0.375177978654108 -0.7004470393144383
v -0.7310270071029663 -0.375177978654108 -0.7004470393144383
v -0.7310270071029663 0.20163400848078722 -0.08621739459816243
v -0.7310270071029663 -0.38111096520751947 -0.704630987613786
v -0.8285710215568542 -0.38111096520751947 -0.704630987613786
v -0.8285710215568542 -0.38111096520751947 -0.704630987613786
v -0.7310270071029663 -0.38111096520751947 -0.704630987613786
v -0.7310270071029663 -0.381513978141825 -0.7931969928613523
v -0.8285710215568542 -0.381513978141825 -0.7931969928613523
v -0.8285710215568542 -0.381513978141825 -0.7931969928613523
v -0.7310270071029663 -0.381513978141825 -0.7931969928613523
v -0.8285710215568542 0.20163400848078722 -0.08621739459816243
v -0.8285710215568542 0.20163500988431599 -0.15543799711047834
v -0.8285710215568542 -0.37562095612979046 -0.7975450322308353
v -0.8285710215568542 -0.381513978141825 -0.7931969928613523
v -0.8285710215568542 -0.38391696964984856 -0.7828660179106958
v -0.8285710215568542 -0.3836069688634783 -0.7148950267625016
v -0.8285710215568542 -0.38111096520751947 -0.704630987613786
v -0.8285710215568542 -0.375177978654108 -0.7004470393144383
v -0.7310270071029663 0.20163500988431599 -0.15543799711047834
v -0.7310270071029663 0.20163400848078722 -0.08621739459816243
v -0.7310270071029663 -0.375177978654108 -0.7004470393144383
v -0.7310270071029663 -0.38111096520751947 -0.704630987613786
v -0.7310270071029663 -0.3836069688634783 -0.7148950267625016
v -0.7310270071029663 -0.38391696964984856 -0.7828660179106958
v -0.7310270071029663 -0.381513978141825 -0.7931969928613523
v -0.7310270071029663 -0.37562095612979046 -0.7975450322308353
v -0.7310270071029663 -0.3836070313531519 0.714701993386728
v -0.7310270071029663 -0.3839170380817352 0.782672984507821
v -0.8285710215568542 -0.3839170380817352 0.782672984507821
v -0.8285710215568542 -0.3836070313531519 0.714701993386728
v -0.7310270071029663 -0.37562102584495743 0.797351999553221
v -0.7310270071029663 0.20163499630392953 0.15524501489818837
v -0.8285710215568542 0.20163499630392953 0.15524501489818837
v -0.8285710215568542 -0.37562102584495743 0.797351999553221
v -0.7310270071029663 0.2016340009518541 0.08602450924333292
v -0.7310270071029663 -0.3751780398806984 0.7002540066755506
v -0.8285710215568542 -0.3751780398806984 0.7002540066755506
v -0.8285710215568542 0.2016340009518541 0.08602450924333292
v -0.8285710215568542 -0.38111102679988224 0.70443795445622
v -0.7310270071029663 -0.38111102679988224 0.70443795445622
v -0.7310270071029663 -0.38111102679988224 0.70443795445622
v -0.8285710215568542 -0.38111102679988224 0.70443795445622
v -0.8285710215568542 -0.3815140474769186 0.7930049729475148
v -0.7310270071029663 -0.3815140474769186 0.7930049729475148
v -0.7310270071029663 -0.3815140474769186 0.7930049729475148
v -0.8285710215568542 -0.3815140474769186 0.7930049729475148
v -0.7310270071029663 0.2016340009518541 0.08602450924333292
v -0.7310270071029663 0.20163499630392953 0.15524501489818837
v -0.7310270071029663 -0.37562102584495743 0.797351999553221
v -0.7310270071029663 -0.3815140474769186 0.7930049729475148
v -0.7310270071029663 -0.3839170380817352 0.782672984507821
v -0.7310270071029663 -0.3836070313531519 0.714701993386728
v -0.7310270071029663 -0.38111102679988224 0.70443795445622
v -0.7310270071029663 -0.3751780398806984 0.7002540066755506
v -0.8285710215568542 0.20163499630392953 0.15524501489818837
v -0.8285710215568542 0.2016340009518541 0.08602450924333292
v -0.8285710215568542 -0.3751780398806984 0.7002540066755506
v -0.8285710215568542 -0.38111102679988224 0.70443795445622
v -0.8285710215568542 -0.3836070313531519 0.714701993386728
v -0.8285710215568542 -0.3839170380817352 0.782672984507821
v -0.8285710215568542 -0.3815140474769186 0.7930049729475148
v -0.8285710215568542 -0.37562102584495743 0.797351999553221
v -0.8285710215568542 0.35471100294524993 -0.15543498038475267
v -0.8285710215568542 0.3547100164430139 -0.08621738790699728
v -0.7310270071029663 0.3547109999196527 -0.08621738790695428
v -0.7310270071029663 0.35471100294524993 -0.15543498038475267
v -0.7310270071029663 0.354710989365083 0.1552430099325917
v -0.7310270071029663 0.3547100089140808 0.08602451593449807
v -0.8285710215568542 0.35471099239071957 0.08602451593454107
v -0.8285710215568542 0.354710989365083 0.1552430099325917
v -0.7310270071029663 0.20163500988431599 -0.15543799711047834
v -0.7310270071029663 0.35471100294524993 -0.15543498038475267
v -0.7310270071029663 0.3547109999196527 -0.08621738790695428
v -0.7310270071029663 0.20163400848078722 -0.08621739459816243
v -0.7310270071029663 0.2016340009518541 0.08602450924333292
v -0.7310270071029663 0.3547100089140808 0.08602451593449807
v -0.7310270071029663 0.354710989365083 0.1552430099325917
v -0.7310270071029663 0.20163499630392953 0.15524501489818837
v -0.7310270071029663 0.20163400848078722 -0.08621739459816243
v -0.7310270071029663 0.2016340009518541 0.08602450924333292
v -0.8285710215568542 0.2016340009518541 0.08602450924333292
v -0.8285710215568542 0.20163400848078722 -0.08621739459816243
v -0.7310270071029663 0.3547100089140808 0.08602451593449807
v -0.7310270071029663 0.3547109999196527 -0.08621738790695428
v -0.7310270071029663 0.2513120024994721 -0.33997999523275985
v -0.7310270071029663 0.2751340128609567 -0.35823698629313594
v -0.7310270071029663 0.35471101181000747 -0.35823698281471467
v -0.7310270071029663 0.35471101181000747 -0.35823698281471467
v -0.8285710215568542 0.35471101181000747 -0.35823698281471467
v -0.8285710215568542 0.3547109805003691 0.35804401398475366
v -0.7310270071029663 0.3547109805003691 0.35804401398475366
v -0.7310270071029663 0.3547109805003691 0.35804401398475366
v -0.7310270071029663 0.2751339815513183 0.3580440105063324
v -0.7310270071029663 0.2513119727859108 0.33978701736336997
v -0.8599129915237427 0.35471100294524993 -0.15543498038475267
v -0.8599129915237427 0.3547100164430139 -0.08621738790699728
v -0.8599129915237427 0.35471099239071957 0.08602451593454107
v -0.8599129915237427 0.354710989365083 0.1552430099325917
v -0.8442440032958984 0.35471101181000747 -0.35823698281471467
v -0.8599129915237427 0.35471101058774956 -0.330274983636782
v -0.8599129915237427 0.35471098172262694 0.330082014806821
v -0.8442440032958984 0.3547109805003691 0.35804401398475366
v -0.8442440032958984 0.20163500988431599 -0.15543799711047834
v -0.8442440032958984 0.20163400848078722 -0.08621739459816243
v -0.8599129915237427 0.21730299670863143 -0.08621739391324917
v -0.8599129915237427 0.21730401269186755 -0.14808399025433794
v -0.8442440032958984 0.2016340009518541 0.08602450924333292
v -0.8599129915237427 0.2173040024586595 0.08602450992829047
v -0.8599129915237427 0.21730399975438877 0.14789100941187577
v -0.8442440032958984 0.20163499630392953 0.15524501489818837
v -0.8599129915237427 0.21730299670863143 -0.08621739391324917
v -0.8599129915237427 0.3547100164430139 -0.08621738790699728
v -0.8599129915237427 0.35471100294524993 -0.15543498038475267
v -0.8599129915237427 0.21730401269186755 -0.14808399025433794
v -0.8599129915237427 0.21730399975438877 0.14789100941187577
v -0.8599129915237427 0.354710989365083 0.1552430099325917
v -0.8599129915237427 0.35471099239071957 0.08602451593454107
v -0.8599129915237427 0.2173040024586595 0.08602450992829047
v -0.8599129915237427 0.35471101058774956 -0.330274983636782
v -0.8599129915237427 0.27878601802640934 -0.33027498695556895
v -0.8599129915237427 0.2553910149779032 -0.30373199657843203
v -0.8599129915237427 0.2553909884331997 0.3035400025422797
v -0.8599129915237427 0.2787859891612867 0.330082011488034
v -0.8599129915237427 0.35471098172262694 0.330082014806821
v -0.8285710215568542 0.20163400848078722 -0.08621739459816243
v -0.8442440032958984 0.20163400848078722 -0.08621739459816243
v -0.8442440032958984 0.20163500988431599 -0.15543799711047834
v -0.8285710215568542 0.20163500988431599 -0.15543799711047834
v -0.8285710215568542 0.20163499630392953 0.15524501489818837
v -0.8442440032958984 0.20163499630392953 0.15524501489818837
v -0.8442440032958984 0.2016340009518541 0.08602450924333292
v -0.8285710215568542 0.2016340009518541 0.08602450924333292
v -0.7310270071029663 0.2751340128609567 -0.35823698629313594
v -0.7310270071029663 0.2513120024994721 -0.33997999523275985
v -0.8285710215568542 0.2513120024994721 -0.33997999523275985
v -0.8285710215568542 0.2751340128609567 -0.35823698629313594
v -0.8442440032958984 0.2511070220928251 -0.33921899293955
v -0.8442440032958984 0.27592201606720973 -0.3582369862586912
v -0.8285710215568542 0.2513119727859108 0.33978701736336997
v -0.8285710215568542 0.2751339815513183 0.3580440105063324
v -0.8442440032958984 0.27592198475757135 0.3580440105407771
v -0.8442440032958984 0.25110699244579265 0.3390260150522402
v -0.7310270071029663 0.2513119727859108 0.33978701736336997
v -0.7310270071029663 0.2751339815513183 0.3580440105063324
v -0.8599129915237427 0.2553910149779032 -0.30373199657843203
v -0.8442440032958984 0.27592201606720973 -0.3582369862586912
v -0.8442440032958984 0.2511070220928251 -0.33921899293955
v -0.8599129915237427 0.2553909884331997 0.3035400025422797
v -0.8442440032958984 0.25110699244579265 0.3390260150522402
v -0.8442440032958984 0.27592198475757135 0.3580440105407771
v -0.8285710215568542 0.2751340128609567 -0.35823698629313594
v -0.8285710215568542 0.35471101181000747 -0.35823698281471467
v -0.7310270071029663 0.35471101181000747 -0.35823698281471467
v -0.7310270071029663 0.2751340128609567 -0.35823698629313594
v -0.8285710215568542 0.2751339815513183 0.3580440105063324
v -0.7310270071029663 0.2751339815513183 0.3580440105063324
v -0.7310270071029663 0.3547109805003691 0.35804401398475366
v -0.8285710215568542 0.3547109805003691 0.35804401398475366
v -0.7310270071029663 0.20163500988431599 -0.15543799711047834
v -0.8285710215568542 0.2513120024994721 -0.33997999523275985
v -0.7310270071029663 0.2513120024994721 -0.33997999523275985
v -0.7310270071029663 0.20163499630392953 0.15524501489818837
v -0.7310270071029663 0.2513119727859108 0.33978701736336997
v -0.8285710215568542 0.2513119727859108 0.33978701736336997
v -0.8442440032958984 0.2511070220928251 -0.33921899293955
v -0.8442440032958984 0.25110699244579265 0.3390260150522402
v -0.8442440032958984 0.35471101181000747 -0.35823698281471467
v -0.8442440032958984 0.3547109805003691 0.35804401398475366
v -0.8442440032958984 0.2511070220928251 -0.33921899293955
v -0.8442440032958984 0.27592201606720973 -0.3582369862586912
v -0.8442440032958984 0.35471101181000747 -0.35823698281471467
v -0.8442440032958984 0.3547109805003691 0.35804401398475366
v -0.8442440032958984 0.27592198475757135 0.3580440105407771
v -0.8442440032958984 0.25110699244579265 0.3390260150522402
v 0.8285710215568542 -0.3836069688634783 -0.7148950267625016
v 0.7310270071029663 -0.3836069688634783 -0.7148950267625016
v 0.7310270071029663 -0.38391696964984856 -0.7828660179106958
v 0.8285710215568542 -0.38391696964984856 -0.7828660179106958
v 0.8285710215568542 -0.37562095612979046 -0.7975450322308353
v 0.7310270071029663 -0.37562095612979046 -0.7975450322308353
v 0.7310270071029663 0.20163500988431599 -0.15543799711047834
v 0.8285710215568542 0.20163500988431599 -0.15543799711047834
v 0.8285710215568542 0.20163400848078722 -0.08621739459816243
v 0.7310270071029663 0.20163400848078722 -0.08621739459816243
v 0.7310270071029663 -0.375177978654108 -0.7004470393144383
v 0.8285710215568542 -0.375177978654108 -0.7004470393144383
v 0.8285710215568542 -0.38111096520751947 -0.704630987613786
v 0.7310270071029663 -0.38111096520751947 -0.704630987613786
v 0.8285710215568542 -0.38111096520751947 -0.704630987613786
v 0.7310270071029663 -0.38111096520751947 -0.704630987613786
v 0.8285710215568542 -0.381513978141825 -0.7931969928613523
v 0.7310270071029663 -0.381513978141825 -0.7931969928613523
v 0.8285710215568542 -0.381513978141825 -0.7931969928613523
v 0.7310270071029663 -0.381513978141825 -0.7931969928613523
v 0.8285710215568542 0.20163400848078722 -0.08621739459816243
v 0.8285710215568542 -0.375177978654108 -0.7004470393144383
v 0.8285710215568542 -0.38111096520751947 -0.704630987613786
v 0.8285710215568542 -0.3836069688634783 -0.7148950267625016
v 0.8285710215568542 -0.38391696964984856 -0.7828660179106958
v 0.8285710215568542 -0.381513978141825 -0.7931969928613523
v 0.8285710215568542 -0.37562095612979046 -0.7975450322308353
v 0.8285710215568542 0.20163500988431599 -0.15543799711047834
v 0.7310270071029663 0.20163500988431599 -0.15543799711047834
v 0.7310270071029663 -0.37562095612979046 -0.7975450322308353
v 0.7310270071029663 -0.381513978141825 -0.7931969928613523
v 0.7310270071029663 -0.38391696964984856 -0.7828660179106958
v 0.7310270071029663 -0.3836069688634783 -0.7148950267625016
v 0.7310270071029663 -0.38111096520751947 -0.704630987613786
v 0.7310270071029663 -0.375177978654108 -0.7004470393144383
v 0.7310270071029663 0.20163400848078722 -0.08621739459816243
v 0.7310270071029663 -0.3836070313531519 0.714701993386728
v 0.8285710215568542 -0.3836070313531519 0.714701993386728
v 0.8285710215568542 -0.3839170380817352 0.782672984507821
v 0.7310270071029663 -0.3839170380817352 0.782672984507821
v 0.7310270071029663 -0.37562102584495743 0.797351999553221
v 0.8285710215568542 -0.37562102584495743 0.797351999553221
v 0.8285710215568542 0.20163499630392953 0.15524501489818837
v 0.7310270071029663 0.20163499630392953 0.15524501489818837
v 0.7310270071029663 0.2016340009518541 0.08602450924333292
v 0.8285710215568542 0.2016340009518541 0.08602450924333292
v 0.8285710215568542 -0.3751780398806984 0.7002540066755506
v 0.7310270071029663 -0.3751780398806984 0.7002540066755506
v 0.7310270071029663 -0.38111102679988224 0.70443795445622
v 0.8285710215568542 -0.38111102679988224 0.70443795445622
v 0.7310270071029663 -0.38111102679988224 0.70443795445622
v 0.8285710215568542 -0.38111102679988224 0.70443795445622
v 0.7310270071029663 -0.3815140474769186 0.7930049729475148
v 0.8285710215568542 -0.3815140474769186 0.7930049729475148
v 0.7310270071029663 -0.3815140474769186 0.7930049729475148
v 0.8285710215568542 -0.3815140474769186 0.7930049729475148
v 0.7310270071029663 0.2016340009518541 0.08602450924333292
v 0.7310270071029663 -0.3751780398806984 0.7002540066755506
v 0.7310270071029663 -0.38111102679988224 0.70443795445622
v 0.7310270071029663 -0.3836070313531519 0.714701993386728
v 0.7310270071029663 -0.3839170380817352 0.782672984507821
v 0.7310270071029663 -0.3815140474769186 0.7930049729475148
v 0.7310270071029663 -0.37562102584495743 0.797351999553221
v 0.7310270071029663 0.20163499630392953 0.15524501489818837
v 0.8285710215568542 0.20163499630392953 0.15524501489818837
v 0.8285710215568542 -0.37562102584495743 0.797351999553221
v 0.8285710215568542 -0.3815140474769186 0.7930049729475148
v 0.8285710215568542 -0.3839170380817352 0.782672984507821
v 0.8285710215568542 -0.3836070313531519 0.714701993386728
v 0.8285710215568542 -0.38111102679988224 0.70443795445622
v 0.8285710215568542 -0.3751780398806984 0.7002540066755506
v 0.8285710215568542 0.2016340009518541 0.08602450924333292
v 0.8285710215568542 0.35471100294524993 -0.15543498038475267
v 0.7310270071029663 0.35471100294524993 -0.15543498038475267
v 0.7310270071029663 0.3547109999196527 -0.08621738790695428
v 0.8285710215568542 0.3547100164430139 -0.08621738790699728
v 0.7310270071029663 0.354710989365083 0.1552430099325917
v 0.8285710215568542 0.354710989365083 0.1552430099325917
v 0.8285710215568542 0.35471099239071957 0.08602451593454107
v 0.7310270071029663 0.3547100089140808 0.08602451593449807
v 0.7310270071029663 0.20163500988431599 -0.15543799711047834
v 0.7310270071029663 0.20163400848078722 -0.08621739459816243
v 0.7310270071029663 0.3547109999196527 -0.08621738790695428
v 0.7310270071029663 0.35471100294524993 -0.15543498038475267
v 0.7310270071029663 0.2016340009518541 0.08602450924333292
v 0.7310270071029663 0.20163499630392953 0.15524501489818837
v 0.7310270071029663 0.354710989365083 0.1552430099325917
v 0.7310270071029663 0.3547100089140808 0.08602451593449807
v 0.7310270071029663 0.20163400848078722 -0.08621739459816243
v 0.8285710215568542 0.20163400848078722 -0.08621739459816243
v 0.8285710215568542 0.2016340009518541 0.08602450924333292
v 0.7310270071029663 0.2016340009518541 0.08602450924333292
v 0.7310270071029663 0.3547109999196527 -0.08621738790695428
v 0.7310270071029663 0.3547100089140808 0.08602451593449807
v 0.7310270071029663 0.35471101181000747 -0.35823698281471467
v 0.7310270071029663 0.2751340128609567 -0.35823698629313594
v 0.7310270071029663 0.2513120024994721 -0.33997999523275985
v 0.8285710215568542 0.35471101181000747 -0.35823698281471467
v 0.7310270071029663 0.35471101181000747 -0.35823698281471467
v 0.7310270071029663 0.3547109805003691 0.35804401398475366
v 0.8285710215568542 0.3547109805003691 0.35804401398475366
v 0.7310270071029663 0.2513119727859108 0.33978701736336997
v 0.7310270071029663 0.2751339815513183 0.3580440105063324
v 0.7310270071029663 0.3547109805003691 0.35804401398475366
v 0.8599129915237427 0.3547100164430139 -0.08621738790699728
v 0.8599129915237427 0.35471100294524993 -0.15543498038475267
v 0.8599129915237427 0.354710989365083 0.1552430099325917
v 0.8599129915237427 0.35471099239071957 0.08602451593454107
v 0.8599129915237427 0.35471101058774956 -0.330274983636782
v 0.8442440032958984 0.35471101181000747 -0.35823698281471467
v 0.8442440032958984 0.3547109805003691 0.35804401398475366
v 0.8599129915237427 0.35471098172262694 0.330082014806821
v 0.8442440032958984 0.20163500988431599 -0.15543799711047834
v 0.8599129915237427 0.21730401269186755 -0.14808399025433794
v 0.8599129915237427 0.21730299670863143 -0.08621739391324917
v 0.8442440032958984 0.20163400848078722 -0.08621739459816243
v 0.8599129915237427 0.2173040024586595 0.08602450992829047
v 0.8442440032958984 0.2016340009518541 0.08602450924333292
v 0.8599129915237427 0.21730399975438877 0.14789100941187577
v 0.8442440032958984 0.20163499630392953 0.15524501489818837
v 0.8599129915237427 0.21730299670863143 -0.08621739391324917
v 0.8599129915237427 0.21730401269186755 -0.14808399025433794
v 0.8599129915237427 0.35471100294524993 -0.15543498038475267
v 0.8599129915237427 0.3547100164430139 -0.08621738790699728
v 0.8599129915237427 0.21730399975438877 0.14789100941187577
v 0.8599129915237427 0.2173040024586595 0.08602450992829047
v 0.8599129915237427 0.35471099239071957 0.08602451593454107
v 0.8599129915237427 0.354710989365083 0.1552430099325917
v 0.8599129915237427 0.2553910149779032 -0.30373199657843203
v 0.8599129915237427 0.27878601802640934 -0.33027498695556895
v 0.8599129915237427 0.35471101058774956 -0.330274983636782
v 0.8599129915237427 0.35471098172262694 0.330082014806821
v 0.8599129915237427 0.2787859891612867 0.330082011488034
v 0.8599129915237427 0.2553909884331997 0.3035400025422797
v 0.8285710215568542 0.20163400848078722 -0.08621739459816243
v 0.8285710215568542 0.20163500988431599 -0.15543799711047834
v 0.8442440032958984 0.20163500988431599 -0.15543799711047834
v 0.8442440032958984 0.20163400848078722 -0.08621739459816243
v 0.8285710215568542 0.20163499630392953 0.15524501489818837
v 0.8285710215568542 0.2016340009518541 0.08602450924333292
v 0.8442440032958984 0.2016340009518541 0.08602450924333292
v 0.8442440032958984 0.20163499630392953 0.15524501489818837
v 0.7310270071029663 0.2751340128609567 -0.35823698629313594
v 0.8285710215568542 0.2751340128609567 -0.35823698629313594
v 0.8285710215568542 0.2513120024994721 -0.33997999523275985
v 0.7310270071029663 0.2513120024994721 -0.33997999523275985
v 0.8442440032958984 0.27592201606720973 -0.3582369862586912
v 0.8442440032958984 0.2511070220928251 -0.33921899293955
v 0.8285710215568542 0.2513119727859108 0.33978701736336997
v 0.8442440032958984 0.25110699244579265 0.3390260150522402
v 0.8442440032958984 0.27592198475757135 0.3580440105407771
v 0.8285710215568542 0.2751339815513183 0.3580440105063324
v 0.7310270071029663 0.2751339815513183 0.3580440105063324
v 0.7310270071029663 0.2513119727859108 0.33978701736336997
v 0.8599129915237427 0.2553910149779032 -0.30373199657843203
v 0.8442440032958984 0.2511070220928251 -0.33921899293955
v 0.8442440032958984 0.27592201606720973 -0.3582369862586912
v 0.8442440032958984 0.27592198475757135 0.3580440105407771
v 0.8442440032958984 0.25110699244579265 0.3390260150522402
v 0.8599129915237427 0.2553909884331997 0.3035400025422797
v 0.8285710215568542 0.2751340128609567 -0.35823698629313594
v 0.7310270071029663 0.2751340128609567 -0.35823698629313594
v 0.7310270071029663 0.35471101181000747 -0.35823698281471467
v 0.8285710215568542 0.35471101181000747 -0.35823698281471467
v 0.8285710215568542 0.2751339815513183 0.3580440105063324
v 0.8285710215568542 0.3547109805003691 0.35804401398475366
v 0.7310270071029663 0.3547109805003691 0.35804401398475366
v 0.7310270071029663 0.2751339815513183 0.3580440105063324
v 0.7310270071029663 0.20163500988431599 -0.15543799711047834
v 0.7310270071029663 0.2513120024994721 -0.33997999523275985
v 0.8285710215568542 0.2513120024994721 -0.33997999523275985
v 0.8285710215568542 0.2513119727859108 0.33978701736336997
v 0.7310270071029663 0.2513119727859108 0.33978701736336997
v 0.7310270071029663 0.20163499630392953 0.15524501489818837
v 0.8442440032958984 0.2511070220928251 -0.33921899293955
v 0.8442440032958984 0.25110699244579265 0.3390260150522402
v 0.8442440032958984 0.35471101181000747 -0.35823698281471467
v 0.8442440032958984 0.3547109805003691 0.35804401398475366
v 0.8442440032958984 0.2511070220928251 -0.33921899293955
v 0.8442440032958984 0.35471101181000747 -0.35823698281471467
v 0.8442440032958984 0.27592201606720973 -0.3582369862586912
v 0.8442440032958984 0.27592198475757135 0.3580440105407771
v 0.8442440032958984 0.3547109805003691 0.35804401398475366
v 0.8442440032958984 0.25110699244579265 0.3390260150522402
v -0.0353614017367363 0.25360301265503843 -0.029404988602927416
v -0.8285710215568542 -0.13624399771903048 -0.029405005643682324
v -0.8285710215568542 -0.05875249823544518 -0.02940500225642113
v -0.0353614017367363 0.3069370103814788 -0.029404986271624214
v -0.0353614017367363 0.3069370103814788 -0.029404986271624214
v -0.8285710215568542 -0.05875249823544518 -0.02940500225642113
v -0.8285710215568542 -0.05875250079768013 0.029212097863169577
v -0.0353614017367363 0.3069370078192438 0.029212113847966494
v -0.0353614017367363 0.3069370078192438 0.029212113847966494
v -0.8285710215568542 -0.05875250079768013 0.029212097863169577
v -0.8285710215568542 -0.13624400028126543 0.029212094475908383
v -0.0353614017367363 0.25360301009280345 0.02921211151666329
v -0.0353614017367363 0.25360301009280345 0.02921211151666329
v -0.8285710215568542 -0.13624400028126543 0.029212094475908383
v -0.8285710215568542 -0.13624399771903048 -0.029405005643682324
v -0.0353614017367363 0.25360301265503843 -0.029404988602927416
v -0.8285710215568542 -0.13624399771903048 -0.029405005643682324
v -0.8285710215568542 -0.13624400028126543 0.029212094475908383
v -0.8285710215568542 -0.05875250079768013 0.029212097863169577
v -0.8285710215568542 -0.05875249823544518 -0.02940500225642113
v 0.03536130115389824 0.25360301009280345 0.02921211151666329
v 0.8285710215568542 -0.13624400028126543 0.029212094475908383
v 0.8285710215568542 -0.05875250079768013 0.029212097863169577
v 0.03536130115389824 0.3069370078192438 0.029212113847966494
v 0.03536130115389824 0.3069370078192438 0.029212113847966494
v 0.8285710215568542 -0.05875250079768013 0.029212097863169577
v 0.8285710215568542 -0.05875249823544518 -0.02940500225642113
v 0.03536130115389824 0.3069370103814788 -0.029404986271624214
v 0.03536130115389824 0.3069370103814788 -0.029404986271624214
v 0.8285710215568542 -0.05875249823544518 -0.02940500225642113
v 0.8285710215568542 -0.13624399771903048 -0.029405005643682324
v 0.03536130115389824 0.25360301265503843 -0.029404988602927416
v 0.03536130115389824 0.25360301265503843 -0.029404988602927416
v 0.8285710215568542 -0.13624399771903048 -0.029405005643682324
v 0.8285710215568542 -0.13624400028126543 0.029212094475908383
v 0.03536130115389824 0.25360301009280345 0.02921211151666329
v 0.8285710215568542 -0.13624400028126543 0.029212094475908383
v 0.8285710215568542 -0.13624399771903048 -0.029405005643682324
v 0.8285710215568542 -0.05875249823544518 -0.02940500225642113
v 0.8285710215568542 -0.05875250079768013 0.029212097863169577
v -0.0353614017367363 0.3547100139596648 -0.0294049841833998
v -0.0353614017367363 0.3547100113974298 0.029212115936190906
v 0.03536130115389824 0.3547100113974298 0.029212115936190906
v 0.03536130115389824 0.3547100139596648 -0.0294049841833998
v -0.0353614017367363 0.30693699164852567 0.3991550043281269
v -0.0353614017367363 0.2962649886177487 0.3991550038616388
v 0.03536130115389824 0.2962649886177487 0.3991550038616388
v 0.03536130115389824 0.30693699164852567 0.3991550043281269
v -0.0353614017367363 0.25360301009280345 0.02921211151666329
v -0.0353614017367363 0.25360301265503843 -0.029404988602927416
v 0.03536130115389824 0.25360301265503843 -0.029404988602927416
v 0.03536130115389824 0.25360301009280345 0.02921211151666329
v 0.03536130115389824 0.29626502352142436 -0.39934797780111075
v -0.0353614017367363 0.29626502352142436 -0.39934797780111075
v -0.0353614017367363 0.30693702655220134 -0.3993479773346227
v 0.03536130115389824 0.30693702655220134 -0.3993479773346227
v -0.0353614017367363 0.3069370103814788 -0.029404986271624214
v -0.0353614017367363 0.3069370078192438 0.029212113847966494
v -0.0353614017367363 0.3547100113974298 0.029212115936190906
v -0.0353614017367363 0.3547100139596648 -0.0294049841833998
v 0.03536130115389824 0.35470999522671165 0.3991550064163513
v -0.0353614017367363 0.35470999522671165 0.3991550064163513
v 0.03536130115389824 0.3069370078192438 0.029212113847966494
v 0.03536130115389824 0.3069370103814788 -0.029404986271624214
v 0.03536130115389824 0.3547100139596648 -0.0294049841833998
v 0.03536130115389824 0.3547100113974298 0.029212115936190906
v -0.0353614017367363 0.3547100301303873 -0.39934797524639826
v 0.03536130115389824 0.3547100301303873 -0.39934797524639826
v 0.03536130115389824 0.2536029957869434 0.35649202382452144
v -0.0353614017367363 0.2536029957869434 0.35649202382452144
v 0.03536130115389824 0.35470999522671165 0.3991550064163513
v 0.03536130115389824 0.30693699164852567 0.3991550043281269
v -0.0353614017367363 0.35470999522671165 0.3991550064163513
v 0.03536130115389824 0.35470999522671165 0.3991550064163513
v -0.0353614017367363 0.30693699164852567 0.3991550043281269
v -0.0353614017367363 0.35470999522671165 0.3991550064163513
v -0.0353614017367363 0.25360302696090287 -0.35668500149362364
v 0.03536130115389824 0.25360302696090287 -0.35668500149362364
v -0.0353614017367363 0.3547100301303873 -0.39934797524639826
v -0.0353614017367363 0.30693702655220134 -0.3993479773346227
v 0.03536130115389824 0.3547100301303873 -0.39934797524639826
v -0.0353614017367363 0.3547100301303873 -0.39934797524639826
v 0.03536130115389824 0.30693702655220134 -0.3993479773346227
v 0.03536130115389824 0.3547100301303873 -0.39934797524639826
v -0.0353614017367363 0.2660979757572125 0.3866590079751256
v 0.03536130115389824 0.2660979757572125 0.3866590079751256
v -0.0353614017367363 0.2660979757572125 0.3866590079751256
v 0.03536130115389824 0.2660979757572125 0.3866590079751256
v -0.0353614017367363 0.2660980095684536 -0.3868519845518818
v 0.03536130115389824 0.2660980095684536 -0.3868519845518818
v -0.0353614017367363 0.2660980095684536 -0.3868519845518818
v 0.03536130115389824 0.2660980095684536 -0.3868519845518818
v -0.0353614017367363 0.2660979757572125 0.3866590079751256
v -0.0353614017367363 0.2962649886177487 0.3991550038616388
v -0.0353614017367363 0.25360301009280345 0.02921211151666329
v -0.0353614017367363 0.2536029957869434 0.35649202382452144
v 0.03536130115389824 0.25360301009280345 0.02921211151666329
v 0.03536130115389824 0.2962649886177487 0.3991550038616388
v 0.03536130115389824 0.2660979757572125 0.3866590079751256
v 0.03536130115389824 0.2536029957869434 0.35649202382452144
v -0.0353614017367363 0.2660980095684536 -0.3868519845518818
v -0.0353614017367363 0.25360302696090287 -0.35668500149362364
v -0.0353614017367363 0.25360301265503843 -0.029404988602927416
v -0.0353614017367363 0.29626502352142436 -0.39934797780111075
v 0.03536130115389824 0.2660980095684536 -0.3868519845518818
v 0.03536130115389824 0.29626502352142436 -0.39934797780111075
v 0.03536130115389824 0.25360301265503843 -0.029404988602927416
v 0.03536130115389824 0.25360302696090287 -0.35668500149362364
vt 0.8708199858665466 0.17874598503112793
vt 0.8996409773826599 0.1787559986114502
vt 0.8996490240097046 0.15449601411819458
vt 0.8707979917526245 0.15448600053787231
vt 0.9756209850311279 0.34203898906707764
vt 0.9757480025291443 0.9905540002509952
vt 1.0000100135803223 0.9905470004305243
vt 0.9998819828033447 0.3420320153236389
vt 0.17457899451255798 0.17863601446151733
vt 0.20339900255203247 0.1786460280418396
vt 0.20340700447559357 0.1543239951133728
vt 0.17452600598335266 0.15431499481201172
vt 0.21286800503730774 0.17864900827407837
vt 0.8613520264625549 0.17874300479888916
vt 0.8613600134849548 0.15448302030563354
vt 0.21287600696086884 0.15432798862457275
vt 0.8660939931869507 0.15448498725891113
vt 0.8660860061645508 0.17874497175216675
vt 0.8660860061645508 0.17874497175216675
vt 0.8660939931869507 0.15448498725891113
vt 0.9998800158500671 0.3373289704322815
vt 0.9756199717521667 0.337336003780365
vt 0.9756199717521667 0.337336003780365
vt 0.9998800158500671 0.3373289704322815
vt 0.999879002571106 0.33259397745132446
vt 0.9756190180778503 0.33260101079940796
vt 0.9757500290870667 1.0000220000001718
vt 1.0000100135803223 1.000014999999621
vt 1.0000100135803223 0.9952810001559556
vt 0.9757490158081055 0.9952879999764264
vt 0.9757490158081055 0.9952879999764264
vt 1.0000100135803223 0.9952810001559556
vt 0.2081409990787506 0.15432602167129517
vt 0.20813299715518951 0.178646981716156
vt 0.20813299715518951 0.178646981716156
vt 0.2081409990787506 0.15432602167129517
vt 0.8541560173034668 0.21995902061462402
vt 0.8585420250892639 0.21813899278640747
vt 0.8603289723396301 0.21375298500061035
vt 0.8603519797325134 0.18493199348449707
vt 0.8585320115089417 0.18054598569869995
vt 0.8541460037231445 0.17872899770736694
vt 0.20566099882125854 0.17883598804473877
vt 0.2012760043144226 0.18065500259399414
vt 0.19945800304412842 0.18504202365875244
vt 0.19946600496768951 0.21386200189590454
vt 0.2012850046157837 0.21824800968170166
vt 0.2056719958782196 0.22006499767303467
vt 0.23065200448036194 0.22623497247695923
vt 0.23066900670528412 0.2550560235977173
vt 0.23245500028133392 0.2594429850578308
vt 0.23683999478816986 0.26126301288604736
vt 0.885325014591217 0.26142001152038574
vt 0.8897119760513306 0.25960397720336914
vt 0.8915320038795471 0.2552490234375
vt 0.8914849758148193 0.22636699676513672
vt 0.8897299766540527 0.22204101085662842
vt 0.8853440284729004 0.22022098302841187
vt 0.2368600070476532 0.22003400325775146
vt 0.2324730008840561 0.2218499779701233
vt 0.8521050214767456 0.13014501333236694
vt 0.8521010279655457 0.15440601110458374
vt 0.880952000617981 0.1544100046157837
vt 0.8809559941291809 0.13015002012252808
vt 0.9749469757080078 0.3420330286026001
vt 0.950685977935791 0.3420400023460388
vt 0.9507589936256409 0.9905249997973442
vt 0.9750810265541077 0.9905169997364283
vt 0.15583300590515137 0.13003599643707275
vt 0.15582899749279022 0.15435802936553955
vt 0.18470999598503113 0.1543620228767395
vt 0.18471400439739227 0.1300410032272339
vt 0.19418300688266754 0.13004201650619507
vt 0.1941789984703064 0.1543639898300171
vt 0.8426330089569092 0.15440398454666138
vt 0.842635989189148 0.13014400005340576
vt 0.847370982170105 0.13014501333236694
vt 0.847366988658905 0.15440499782562256
vt 0.847370982170105 0.13014501333236694
vt 0.847366988658905 0.15440499782562256
vt 0.9749450087547302 0.3373289704322815
vt 0.9506850242614746 0.33730602264404297
vt 0.9749450087547302 0.3373289704322815
vt 0.974943995475769 0.33259499073028564
vt 0.9506840109825134 0.33260202407836914
vt 0.9506850242614746 0.33730602264404297
vt 0.9750829935073853 0.999985999999808
vt 0.9750819802284241 0.9952509999275208
vt 0.9507610201835632 0.9952589999884367
vt 0.9507619738578796 0.999992999999904
vt 0.9750819802284241 0.9952509999275208
vt 0.9507610201835632 0.9952589999884367
vt 0.18944799900054932 0.1300410032272339
vt 0.18944500386714935 0.1543629765510559
vt 0.18944799900054932 0.1300410032272339
vt 0.18944500386714935 0.1543629765510559
vt 0.8984000086784363 0.9939060001634061
vt 0.905784010887146 0.34543800354003906
vt 0.9040560126304626 0.3410450220108032
vt 0.8997079730033875 0.33919697999954224
vt 0.8708299994468689 0.3388710021972656
vt 0.8664680123329163 0.340628981590271
vt 0.8646199703216553 0.3449770212173462
vt 0.8571749925613403 0.9934149999171495
vt 0.8589019775390625 0.997838000068441
vt 0.8632500171661377 0.9996859999955632
vt 0.8921279907226562 0.9999810000008438
vt 0.8964909911155701 0.9982539999764413
vt 0.9420490264892578 1.000024000000849
vt 0.9464359879493713 0.9982059999601915
vt 0.9482550024986267 0.993819999974221
vt 0.9483039975166321 0.34533601999282837
vt 0.9464870095252991 0.34095001220703125
vt 0.942101001739502 0.3391609787940979
vt 0.9132810235023499 0.33915597200393677
vt 0.9088940024375916 0.34094297885894775
vt 0.9070749878883362 0.3453289866447449
vt 0.9070249795913696 0.9938130001537502
vt 0.9088429808616638 0.9982000000309199
vt 0.9132289886474609 1.0000189999991562
vt 0.5385410189628601 0.6154319941997528
vt 0.5227100253105164 0.6013639867305756
vt 0.5080680251121521 0.583763986825943
vt 0.5230370163917542 0.6376320123672485
vt 0.5216720104217529 0.5964620113372803
vt 0.8402360081672668 0.5928199887275696
vt 0.8363249897956848 0.5554910004138947
vt 0.5115429759025574 0.5669730007648468
vt 0.858273983001709 0.6110529899597168
vt 0.5435979962348938 0.6170830130577087
vt 0.5332549810409546 0.6488229930400848
vt 0.8581299781799316 0.6490780115127563
vt 0.5289520025253296 0.6443789899349213
vt 0.5413479804992676 0.6170839965343475
vt 0.5413479804992676 0.6170839965343475
vt 0.5289520025253296 0.6443789899349213
vt 0.508633017539978 0.5740489959716797
vt 0.5213310122489929 0.5986559987068176
vt 0.5213310122489929 0.5986559987068176
vt 0.508633017539978 0.5740489959716797
vt 0.858273983001709 0.6110529899597168
vt 0.8402360081672668 0.5928199887275696
vt 0.5216720104217529 0.5964620113372803
vt 0.5213310122489929 0.5986559987068176
vt 0.5227100253105164 0.6013639867305756
vt 0.5385410189628601 0.6154319941997528
vt 0.5413479804992676 0.6170839965343475
vt 0.5435979962348938 0.6170830130577087
vt 0.5952240228652954 0.3974769711494446
vt 0.613768994808197 0.3807849884033203
vt 0.3100320100784302 0.37451499700546265
vt 0.3074769973754883 0.3739529848098755
vt 0.3041140139102936 0.3757380247116089
vt 0.28581899404525757 0.3920680284500122
vt 0.28365200757980347 0.39521002769470215
vt 0.2839060127735138 0.3978400230407715
vt 0.3919230103492737 0.6192899942398071
vt 0.4466969966888428 0.5936959981918335
vt 0.4222320020198822 0.5989390015602112
vt 0.3995090126991272 0.6039200127124786
vt 0.4581420123577118 0.5890460014343262
vt 0.2532980144023895 0.36554497480392456
vt 0.22215400636196136 0.3760719895362854
vt 0.42909500002861023 0.5968340039253235
vt 0.1730940043926239 0.4005979895591736
vt 0.36921700835227966 0.6302129924297333
vt 0.3946770131587982 0.5995559990406036
vt 0.1987919956445694 0.3759390115737915
vt 0.3961009979248047 0.6025759875774384
vt 0.3833869993686676 0.6235310137271881
vt 0.3833869993686676 0.6235310137271881
vt 0.3961009979248047 0.6025759875774384
vt 0.4284549951553345 0.5973849892616272
vt 0.45337599515914917 0.5903869867324829
vt 0.45337599515914917 0.5903869867324829
vt 0.4284549951553345 0.5973849892616272
vt 0.000012999999853491317 1.0000079999999798
vt 0.03554999828338623 0.9881429998204112
vt 0.4581420123577118 0.5890460014343262
vt 0.45337599515914917 0.5903869867324829
vt 0.4466969966888428 0.5936959981918335
vt 0.3919230103492737 0.6192899942398071
vt 0.3833869993686676 0.6235310137271881
vt 0.36921700835227966 0.6302129924297333
vt 0.22215400636196136 0.3760719895362854
vt 0.1987919956445694 0.3759390115737915
vt 0.3946770131587982 0.5995559990406036
vt 0.3961009979248047 0.6025759875774384
vt 0.3995090126991272 0.6039200127124786
vt 0.4222320020198822 0.5989390015602112
vt 0.4284549951553345 0.5973849892616272
vt 0.42909500002861023 0.5968340039253235
vt 0.1705310046672821 0.23713797330856323
vt 0.18072199821472168 0.2559729814529419
vt 0.20602799952030182 0.23285502195358276
vt 0.19723500311374664 0.2150920033454895
vt 0.24106499552726746 0.2696800231933594
vt 0.23260700702667236 0.2655310034751892
vt 0.2153179943561554 0.29491299390792847
vt 0.23224300146102905 0.3032050132751465
vt 0.7699229717254639 0.9268229976296425
vt 0.8251069784164429 0.9268810003995895
vt 0.8250859975814819 0.9019099995493889
vt 0.7699030041694641 0.9018800035119057
vt 0.7699440121650696 0.8397780060768127
vt 0.8251879811286926 0.839808002114296
vt 0.825169026851654 0.8148670047521591
vt 0.769985020160675 0.8148059993982315
vt 0.10189999639987946 0.3197309970855713
vt 0.14289799332618713 0.3722749948501587
vt 0.17650200426578522 0.3561210036277771
vt 0.12935499846935272 0.3003079891204834
vt 0.23260700702667236 0.2655310034751892
vt 0.20602799952030182 0.23285502195358276
vt 0.7877740263938904 0.99336599977687
vt 0.7963230013847351 0.9999490000009246
vt 0.8250470161437988 0.9999960000000101
vt 0.1601179987192154 0.1570190191268921
vt 0.1386760026216507 0.18056601285934448
vt 0.28836798667907715 0.2938070297241211
vt 0.29234400391578674 0.2612770199775696
vt 0.8252279758453369 0.7417379915714264
vt 0.796563982963562 0.7417210042476654
vt 0.7879940271377563 0.7482900023460388
vt 0.16116900742053986 0.24409198760986328
vt 0.17245900630950928 0.2638090252876282
vt 0.2112780064344406 0.305076003074646
vt 0.23141899704933167 0.31423699855804443
vt 0.13572299480438232 0.18411898612976074
vt 0.13628500699996948 0.19395500421524048
vt 0.2821269929409027 0.3037070035934448
vt 0.2884739935398102 0.2982670068740845
vt 0.10999699681997299 0.27169400453567505
vt 0.13282200694084167 0.2967420220375061
vt 0.13835899531841278 0.2920899987220764
vt 0.11961399763822556 0.27145999670028687
vt 0.18156899511814117 0.3523939847946167
vt 0.18786199390888214 0.34664100408554077
vt 0.21698500216007233 0.3603540062904358
vt 0.21992500126361847 0.3696730136871338
vt 0.13835899531841278 0.2920899987220764
vt 0.17245900630950928 0.2638090252876282
vt 0.16116900742053986 0.24409198760986328
vt 0.11961399763822556 0.27145999670028687
vt 0.21698500216007233 0.3603540062904358
vt 0.23141899704933167 0.31423699855804443
vt 0.2112780064344406 0.305076003074646
vt 0.18786199390888214 0.34664100408554077
vt 0.13628500699996948 0.19395500421524048
vt 0.11415000259876251 0.19839298725128174
vt 0.11161799728870392 0.210735023021698
vt 0.284278005361557 0.3333430290222168
vt 0.29279300570487976 0.3228369951248169
vt 0.2821269929409027 0.3037070035934448
vt 0.12935499846935272 0.3003079891204834
vt 0.13282200694084167 0.2967420220375061
vt 0.10999699681997299 0.27169400453567505
vt 0.10371900349855423 0.27277499437332153
vt 0.22215400636196136 0.3760719895362854
vt 0.21992500126361847 0.3696730136871338
vt 0.18156899511814117 0.3523939847946167
vt 0.17650200426578522 0.3561210036277771
vt 0.12966899573802948 0.1439329981803894
vt 0.1188879981637001 0.1403520107269287
vt 0.10412999987602234 0.1785680055618286
vt 0.11437399685382843 0.17904698848724365
vt 0.10422799736261368 0.1884850263595581
vt 0.11364399641752243 0.18508297204971313
vt 0.3157700002193451 0.31210899353027344
vt 0.30711600184440613 0.30729997158050537
vt 0.30294299125671387 0.3122829794883728
vt 0.30864399671554565 0.32033002376556396
vt 0.3286460041999817 0.2729160189628601
vt 0.318587988615036 0.270721971988678
vt 0.11161799728870392 0.210735023021698
vt 0.11364399641752243 0.18508297204971313
vt 0.10422799736261368 0.1884850263595581
vt 0.284278005361557 0.3333430290222168
vt 0.30864399671554565 0.32033002376556396
vt 0.30294299125671387 0.3122829794883728
vt 0.11437399685382843 0.17904698848724365
vt 0.1386760026216507 0.18056601285934448
vt 0.1601179987192154 0.1570190191268921
vt 0.12966899573802948 0.1439329981803894
vt 0.30711600184440613 0.30729997158050537
vt 0.318587988615036 0.270721971988678
vt 0.29234400391578674 0.2612770199775696
vt 0.28836798667907715 0.2938070297241211
vt 0.06558199971914291 0.26112401485443115
vt 0.10078699886798859 0.1995069980621338
vt 0.07032199949026108 0.19615697860717773
vt 0.2532980144023895 0.36554497480392456
vt 0.31000199913978577 0.3579620122909546
vt 0.2909489870071411 0.33516401052474976
vt 0.10525999963283539 0.20003998279571533
vt 0.29106900095939636 0.33156901597976685
vt 0.13572299480438232 0.18411898612976074
vt 0.2884739935398102 0.2982670068740845
vt 0.10525999963283539 0.20003998279571533
vt 0.11364399641752243 0.18508297204971313
vt 0.13572299480438232 0.18411898612976074
vt 0.2884739935398102 0.2982670068740845
vt 0.30294299125671387 0.3122829794883728
vt 0.29106900095939636 0.33156901597976685
vt 0.033674001693725586 0.888314001262188
vt 0.011475999839603901 0.9038019999861717
vt 0.06533399969339371 0.9187410026788712
vt 0.04774399846792221 0.9040910005569458
vt 0.05263800173997879 0.9051769971847534
vt 0.08211299777030945 0.9153050035238266
vt 0.09356600046157837 0.5905170142650604
vt 0.05625800043344498 0.5865789949893951
vt 0.038019001483917236 0.5685270130634308
vt -0.000006000000212225132 0.5687209963798523
vt 0.0002690000110305846 0.8935739994049072
vt 0.032030001282691956 0.8832350000739098
vt 0.03202199935913086 0.8854850009083748
vt 0.004712999798357487 0.8978950008749962
vt 0.03202199935913086 0.8854850009083748
vt 0.004712999798357487 0.8978950008749962
vt 0.050429001450538635 0.9054879993200302
vt 0.07507999986410141 0.9182040020823479
vt 0.050429001450538635 0.9054879993200302
vt 0.07507999986410141 0.9182040020823479
vt 0.038019001483917236 0.5685270130634308
vt 0.032030001282691956 0.8832350000739098
vt 0.03202199935913086 0.8854850009083748
vt 0.033674001693725586 0.888314001262188
vt 0.04774399846792221 0.9040910005569458
vt 0.050429001450538635 0.9054879993200302
vt 0.05263800173997879 0.9051769971847534
vt 0.05625800043344498 0.5865789949893951
vt 0.001769999973475933 0.23640799522399902
vt -0.000003999999989900971 0.5477100014686584
vt 0.002623999956995249 0.547978013753891
vt 0.0057680001482367516 0.5458059906959534
vt 0.022154999896883965 0.5275970101356506
vt 0.023996999487280846 0.5242550075054169
vt 0.023455999791622162 0.5216990113258362
vt 0.018550999462604523 0.21793097257614136
vt 0.6908439993858337 0.6662079989910126
vt 0.7105029821395874 0.6784969866275787
vt 0.7259759902954102 0.6654010117053986
vt 0.7434629797935486 0.6489860117435455
vt 0.7598159909248352 0.6536650061607361
vt 0.7309010028839111 0.6645439863204956
vt 0.7322499752044678 0.981878999620676
vt 0.7704979777336121 0.9791899994015694
vt 0.6763730049133301 0.9990639999741688
vt 0.7138609886169434 1.0000049999998737
vt 0.7098450064659119 0.684249997138977
vt 0.6778799891471863 0.6755389869213104
vt 0.682977020740509 0.6715050041675568
vt 0.7091649770736694 0.6815280020236969
vt 0.682977020740509 0.6715050041675568
vt 0.7091649770736694 0.6815280020236969
vt 0.753154993057251 0.6514750123023987
vt 0.728717029094696 0.6638039946556091
vt 0.753154993057251 0.6514750123023987
vt 0.728717029094696 0.6638039946556091
vt 0.5330039858818054 0.3789520263671875
vt 0.8367369771003723 0.3855370283126831
vt 0.8392900228500366 0.3861349821090698
vt 0.8426570296287537 0.3843259811401367
vt 0.860925018787384 0.3680329918861389
vt 0.8631290197372437 0.3648809790611267
vt 0.8629099726676941 0.3622499704360962
vt 0.5515620112419128 0.36226701736450195
vt 0.7322499752044678 0.981878999620676
vt 0.7309010028839111 0.6645439863204956
vt 0.728717029094696 0.6638039946556091
vt 0.7259759902954102 0.6654010117053986
vt 0.7105029821395874 0.6784969866275787
vt 0.7091649770736694 0.6815280020236969
vt 0.7098450064659119 0.684249997138977
vt 0.7138609886169434 1.0000049999998737
vt 0.6392139792442322 0.8860469982028008
vt 0.6741020083427429 0.8893520012497902
vt 0.675134003162384 0.8625880032777786
vt 0.639208972454071 0.8613709956407547
vt 0.6750519871711731 0.7710340023040771
vt 0.6381970047950745 0.7746839970350266
vt 0.6389859914779663 0.7993009984493256
vt 0.6752189993858337 0.797885999083519
vt 0.0949229970574379 0.5832050144672394
vt 0.11986500024795532 0.5832079946994781
vt 0.1199050024151802 0.5280239880084991
vt 0.09496399760246277 0.5280129909515381
vt 0.18199799954891205 0.5832369923591614
vt 0.20693999528884888 0.5832549929618835
vt 0.20697900652885437 0.5280559957027435
vt 0.18200699985027313 0.5280460119247437
vt 0.5271300077438354 0.862639993429184
vt 0.5628089904785156 0.8626050055027008
vt 0.5624439716339111 0.7988480031490326
vt 0.5267680287361145 0.7991759926080704
vt 0.675134003162384 0.8625880032777786
vt 0.6752189993858337 0.797885999083519
vt 0.021849999204277992 0.5279830098152161
vt 0.021828999742865562 0.5566770136356354
vt 0.028390999883413315 0.5652649998664856
vt 0.6328619718551636 0.9528729990124702
vt 0.6626579761505127 0.9675970003008842
vt 0.6598269939422607 0.6929430067539215
vt 0.6326349973678589 0.7079170048236847
vt 0.273497998714447 0.5653580129146576
vt 0.28007200360298157 0.5567800104618073
vt 0.2800930142402649 0.5280860066413879
vt 0.6274409890174866 0.8612129986286163
vt 0.6268879771232605 0.885574996471405
vt 0.6263409852981567 0.7752700001001358
vt 0.6271950006484985 0.7996159940958023
vt 0.6245620250701904 0.9423750005662441
vt 0.6286240220069885 0.9506990015506744
vt 0.6281470060348511 0.7101210057735443
vt 0.6238639950752258 0.7183569967746735
vt 0.569599986076355 0.8884430006146431
vt 0.5774040222167969 0.8850670009851456
vt 0.5766990184783936 0.8622580021619797
vt 0.5685459971427917 0.8624670058488846
vt 0.57635498046875 0.7990339994430542
vt 0.5681880116462708 0.7989279925823212
vt 0.5769050121307373 0.776198998093605
vt 0.5690990090370178 0.77292400598526
vt 0.5766990184783936 0.8622580021619797
vt 0.5774040222167969 0.8850670009851456
vt 0.6268879771232605 0.885574996471405
vt 0.6274409890174866 0.8612129986286163
vt 0.5769050121307373 0.776198998093605
vt 0.57635498046875 0.7990339994430542
vt 0.6271950006484985 0.7996159940958023
vt 0.6263409852981567 0.7752700001001358
vt 0.5913829803466797 0.9435300007462502
vt 0.6010130047798157 0.9509899988770485
vt 0.6245620250701904 0.9423750005662441
vt 0.6238639950752258 0.7183569967746735
vt 0.5999860167503357 0.7101390063762665
vt 0.5903319716453552 0.7175889909267426
vt 0.5628089904785156 0.8626050055027008
vt 0.5639790296554565 0.8895369991660118
vt 0.569599986076355 0.8884430006146431
vt 0.5685459971427917 0.8624670058488846
vt 0.5634989738464355 0.7719539999961853
vt 0.5624439716339111 0.7988480031490326
vt 0.5681880116462708 0.7989279925823212
vt 0.5690990090370178 0.77292400598526
vt 0.6381880044937134 0.9930059998296201
vt 0.6109520196914673 0.9666679985821247
vt 0.6009960174560547 0.9707159996032715
vt 0.6286529898643494 1.0000060000002122
vt 0.6079319715499878 0.9617710001766682
vt 0.5971300005912781 0.9630470015108585
vt 0.5997920036315918 0.6903060078620911
vt 0.5958279967308044 0.6978600025177002
vt 0.6069859862327576 0.6994610130786896
vt 0.6098470091819763 0.6945129930973053
vt 0.6357439756393433 0.667930006980896
vt 0.6265389919281006 0.6613250076770782
vt 0.5913829803466797 0.9435300007462502
vt 0.5971300005912781 0.9630470015108585
vt 0.6079319715499878 0.9617710001766682
vt 0.6069859862327576 0.6994610130786896
vt 0.5958279967308044 0.6978600025177002
vt 0.5903319716453552 0.7175889909267426
vt 0.6109520196914673 0.9666679985821247
vt 0.6381880044937134 0.9930059998296201
vt 0.6626579761505127 0.9675970003008842
vt 0.6328619718551636 0.9528729990124702
vt 0.6098470091819763 0.6945129930973053
vt 0.6326349973678589 0.7079170048236847
vt 0.6598269939422607 0.6929430067539215
vt 0.6357439756393433 0.667930006980896
vt 0.5294619798660278 0.8986330032348633
vt 0.5469380021095276 0.9673859998583794
vt 0.5815629959106445 0.9588540010154247
vt 0.5802559852600098 0.7024840116500854
vt 0.5454350113868713 0.6944870054721832
vt 0.5288879871368408 0.7634509950876236
vt 0.5870640277862549 0.9572650007903576
vt 0.5858139991760254 0.7039830088615417
vt 0.6286240220069885 0.9506990015506744
vt 0.6281470060348511 0.7101210057735443
vt 0.5870640277862549 0.9572650007903576
vt 0.6286240220069885 0.9506990015506744
vt 0.6079319715499878 0.9617710001766682
vt 0.6069859862327576 0.6994610130786896
vt 0.6281470060348511 0.7101210057735443
vt 0.5858139991760254 0.7039830088615417
vt 0.4327870011329651 0.557325005531311
vt 0.7514500021934509 0.5583910048007965
vt 0.7392290234565735 0.5332750082015991
vt 0.4243659973144531 0.5400390028953552
vt 0.4243659973144531 0.5400390028953552
vt 0.7392290234565735 0.5332750082015991
vt 0.7387719750404358 0.51214399933815
vt 0.4239090085029602 0.5189079940319061
vt 0.44305700063705444 0.8875449970364571
vt 0.5061079859733582 0.5853320062160492
vt 0.48322001099586487 0.5713390111923218
vt 0.42676499485969543 0.8837810009717941
vt 0.42676499485969543 0.8837810009717941
vt 0.48322001099586487 0.5713390111923218
vt 0.46436700224876404 0.5614480078220367
vt 0.40750399231910706 0.8744760006666183
vt 0.21182699501514435 0.9999779999998282
vt 0.21183399856090546 0.978855999186635
vt 0.18389399349689484 0.9788470007479191
vt 0.18388700485229492 0.9999680000000808
vt 0.4073520004749298 0.9094579964876175
vt 0.08909299969673157 0.9743990004062653
vt 0.1060279980301857 0.9967819999437779
vt 0.4136880040168762 0.9258330017328262
vt 0.7172849774360657 0.4743639826774597
vt 0.40247100591659546 0.46657997369766235
vt 0.40193700790405273 0.4877129793167114
vt 0.7167649865150452 0.4954879879951477
vt 0.7167649865150452 0.4954879879951477
vt 0.40193700790405273 0.4877129793167114
vt 0.389629989862442 0.5127870142459869
vt 0.7082819938659668 0.5127469897270203
vt 0.39615398645401 0.8913820013403893
vt 0.08417800068855286 0.9536230005323887
vt 0.08909299969673157 0.9743990004062653
vt 0.4073520004749298 0.9094579964876175
vt 0.23988200724124908 1.0000090000003183
vt 0.239887997508049 0.9788869991898537
vt 0.21194800734519958 0.9788789991289377
vt 0.21194200217723846 1
vt 0.0504629984498024 0.3945940136909485
vt 0.05045999959111214 0.37347298860549927
vt 0.024961000308394432 0.37345099449157715
vt 0.02496499940752983 0.39460301399230957
vt 0.5474380254745483 0.969828000292182
vt 0.5443040132522583 0.967620000243187
vt 0.529524028301239 0.9897990003228188
vt 0.5327290296554565 0.9923660000786185
vt 0.42676499485969543 0.8837810009717941
vt 0.40750399231910706 0.8744760006666183
vt 0.39615398645401 0.8913820013403893
vt 0.4073520004749298 0.9094579964876175
vt 0.27395299077033997 0.8128120005130768
vt 0.28865599632263184 0.7905559986829758
vt 0.28540199995040894 0.7880800068378448
vt 0.27081799507141113 0.8106639981269836
vt 0.44508400559425354 0.4150320291519165
vt 0.4662199914455414 0.4150339961051941
vt 0.46622300148010254 0.3978149890899658
vt 0.4450860023498535 0.39781302213668823
vt 0.550108015537262 0.9999769999994896
vt 0.560791015625 0.9788830000907183
vt 0.7249299883842468 0.4535199999809265
vt 0.703794002532959 0.4535149931907654
vt 0.7037919759750366 0.47074997425079346
vt 0.7249280214309692 0.4707540273666382
vt 0.2679370045661926 0.7805439978837967
vt 0.2573640048503876 0.8017300069332123
vt 0.5100449919700623 0.9758609998971224
vt 0.5241789817810059 0.9538349993526936
vt 0.8583139777183533 0.4707670211791992
vt 0.8583179712295532 0.45353299379348755
vt 0.050436001271009445 0.2400820255279541
vt 0.024935999885201454 0.2400760054588318
vt 0.5995960235595703 0.4150509834289551
vt 0.5995990037918091 0.3978170156478882
vt 0.30827000737190247 0.8046689927577972
vt 0.29394999146461487 0.8264510035514832
vt 0.311710000038147 0.39781099557876587
vt 0.311708003282547 0.41503000259399414
vt 0.024991000071167946 0.5279789865016937
vt 0.05048999935388565 0.5279699862003326
vt 0.5704140067100525 0.45350199937820435
vt 0.5704110264778137 0.470736026763916
vt 0.5344719886779785 0.9606360010802746
vt 0.5198580026626587 0.9825049992650747
vt 0.5344719886779785 0.9606360010802746
vt 0.5198580026626587 0.9825049992650747
vt 0.29837799072265625 0.7979380041360855
vt 0.28371599316596985 0.8197250068187714
vt 0.29837799072265625 0.7979380041360855
vt 0.28371599316596985 0.8197250068187714
vt 0.5950999855995178 0.4297789931297302
vt 0.5995960235595703 0.4189010262489319
vt 0.4662179946899414 0.43427199125289917
vt 0.5842220187187195 0.43427199125289917
vt 0.7249320149421692 0.43429702520370483
vt 0.8583189845085144 0.44969797134399414
vt 0.8538110256195068 0.4388189911842346
vt 0.8429340124130249 0.4343069791793823
vt 0.31621599197387695 0.42975902557373047
vt 0.3270930051803589 0.4342550039291382
vt 0.44508200883865356 0.4342700242996216
vt 0.311708003282547 0.41888099908828735
vt 0.5749120116233826 0.4387900233268738
vt 0.5704150199890137 0.44965100288391113
vt 0.7037960290908813 0.4342929720878601
vt 0.5857909917831421 0.4342830181121826
vn 0 -0.05441705870218953 0.998518294134966
vn 0 0.05441697140894316 0.9985182988922526
vn 0 0.05441697140894316 0.9985182988922526
vn 0 -0.05441705870218953 0.998518294134966
vn 0 0.9999961551058502 0.0027730440884314107
vn 0 0.9999961553482736 -0.0027729566659865173
vn 0 0.9999961553482736 -0.0027729566659865173
vn 0 0.9999961551058502 0.0027730440884314107
vn 0 0.05441705870218953 -0.998518294134966
vn 0 -0.05441697140894316 -0.9985182988922526
vn 0 -0.05441697140894316 -0.9985182988922526
vn 0 0.05441705870218953 -0.998518294134966
vn 0 -0.9999961551058502 -0.0027730440884314107
vn 0 -0.9999961553482736 0.0027729566659865173
vn 0 -0.9999961553482736 0.0027729566659865173
vn 0 -0.9999961551058502 -0.0027730440884314107
vn 0 -0.38268582857520184 0.9238785399649194
vn 0 -0.38268582857520184 0.9238785399649194
vn 0 -0.9238789226311911 0.38268490474257
vn 0 -0.9238789226311911 0.38268490474257
vn 0 0.9238788891758088 0.38268498551063324
vn 0 0.9238788891758088 0.38268498551063324
vn 0 0.3826857478071692 0.9238785734203754
vn 0 0.3826857478071692 0.9238785734203754
vn 0 0.05441697140894316 0.9985182988922526
vn 0 0.05441697140894316 0.9985182988922526
vn 0 0.05441705870218953 -0.998518294134966
vn 0 0.05441705870218953 -0.998518294134966
vn 0 0.38268582857520184 -0.9238785399649194
vn 0 0.38268582857520184 -0.9238785399649194
vn 0 0.9238789226311911 -0.38268490474257
vn 0 0.9238789226311911 -0.38268490474257
vn 0 -0.9238788891758088 -0.38268498551063324
vn 0 -0.9238788891758088 -0.38268498551063324
vn 0 -0.3826857478071692 -0.9238785734203754
vn 0 -0.3826857478071692 -0.9238785734203754
vn 1 0 0
vn 1 0 0
vn 1 0 0
vn 1 0 0
vn 1 0 0
vn 1 0 0
vn 1 0 0
vn 1 0 0
vn 1 0 0
vn 1 0 0
vn 1 0 0
vn 1 0 0
vn -1 0 0
vn -1 0 0
vn -1 0 0
vn -1 0 0
vn -1 0 0
vn -1 0 0
vn -1 0 0
vn -1 0 0
vn -1 0 0
vn -1 0 0
vn -1 0 0
vn -1 0 0
vn 0 -0.05441705870218953 0.998518294134966
vn 0 -0.05441705870218953 0.998518294134966
vn 0 0.05441697140894316 0.9985182988922526
vn 0 0.05441697140894316 0.9985182988922526
vn 0 0.9999961551058502 0.0027730440884314107
vn 0 0.9999961551058502 0.0027730440884314107
vn 0 0.9999961553482736 -0.0027729566659865173
vn 0 0.9999961553482736 -0.0027729566659865173
vn 0 0.05441705870218953 -0.998518294134966
vn 0 0.05441705870218953 -0.998518294134966
vn 0 -0.05441697140894316 -0.9985182988922526
vn 0 -0.05441697140894316 -0.9985182988922526
vn 0 -0.9999961551058502 -0.0027730440884314107
vn 0 -0.9999961551058502 -0.0027730440884314107
vn 0 -0.9999961553482736 0.0027729566659865173
vn 0 -0.9999961553482736 0.0027729566659865173
vn 0 -0.3826870655513937 0.9238780275878755
vn 0 -0.3826870655513937 0.9238780275878755
vn 0 -0.9238789226311911 0.38268490474257
vn 0 -0.9238789226311911 0.38268490474257
vn 0 0.9238788891758088 0.38268498551063324
vn 0 0.9238788891758088 0.38268498551063324
vn 0 0.38268698478340574 0.9238780610434395
vn 0 0.05441697140894316 0.9985182988922526
vn 0 0.05441697140894316 0.9985182988922526
vn 0 0.38268698478340574 0.9238780610434395
vn 0 0.05441705870218953 -0.998518294134966
vn 0 0.3826870655513937 -0.9238780275878755
vn 0 0.3826870655513937 -0.9238780275878755
vn 0 0.05441705870218953 -0.998518294134966
vn 0 0.9238789226311911 -0.38268490474257
vn 0 0.9238789226311911 -0.38268490474257
vn 0 -0.9238788891758088 -0.38268498551063324
vn 0 -0.9238788891758088 -0.38268498551063324
vn 0 -0.38268698478340574 -0.9238780610434395
vn 0 -0.38268698478340574 -0.9238780610434395
vn -1 0 0
vn -1 0 0
vn -1 0 0
vn -1 0 0
vn -1 0 0
vn -1 0 0
vn -1 0 0
vn -1 0 0
vn -1 0 0
vn -1 0 0
vn -1 0 0
vn -1 0 0
vn 1 0 0
vn 1 0 0
vn 1 0 0
vn 1 0 0
vn 1 0 0
vn 1 0 0
vn 1 0 0
vn 1 0 0
vn 1 0 0
vn 1 0 0
vn 1 0 0
vn 1 0 0
vn 0 -0.9993575072384894 0.035840936456412904
vn 0 -0.9996430627764844 -0.02671604467075165
vn 0 -0.9996430627764844 -0.02671604467075165
vn 0 -0.9993575072384894 0.035840936456412904
vn 0 0.7379970373999447 -0.6748039513732152
vn 0 0.7436628677358393 -0.6685548138716133
vn 0 0.7436628677358393 -0.6685548138716133
vn 0 0.7379970373999447 -0.6748039513732152
vn 0 -0.7289616300070217 0.6845545573418571
vn 0 -0.7277837434753036 0.6858066948733247
vn 0 -0.7277837434753036 0.6858066948733247
vn 0 -0.7289616300070217 0.6845545573418571
vn 0 -0.9716779713412036 0.23630895033883736
vn 0 -0.9716779713412036 0.23630895033883736
vn 0 -0.5763370730904913 0.8172120766248414
vn 0 -0.5763370730904913 0.8172120766248414
vn 0 -0.5936128336492814 -0.8047507711874966
vn 0 -0.5936128336492814 -0.8047507711874966
vn 0 -0.9740139485222054 -0.22648803077465893
vn 0 -0.9740139485222054 -0.22648803077465893
vn -0.999999999992 0.0000039999999898689665 1.7484556158589448e-13
vn -0.999999999992 0.0000039999999898689665 1.7484556158589448e-13
vn -0.999999999992 0.0000039999999898689665 1.7484556158589448e-13
vn -0.999999999992 0.0000039999999898689665 1.7484556158589448e-13
vn -0.999999999992 0.0000039999999898689665 1.7484556158589448e-13
vn -0.999999999992 0.0000039999999898689665 1.7484556158589448e-13
vn -0.999999999992 0.0000039999999898689665 1.7484556158589448e-13
vn -0.999999999992 0.0000039999999898689665 1.7484556158589448e-13
vn 0.999999999998 -0.000001999999994946483 -8.742278079347179e-14
vn 0.999999999998 -0.000001999999994946483 -8.742278079347179e-14
vn 0.999999999998 -0.000001999999994946483 -8.742278079347179e-14
vn 0.999999999998 -0.000001999999994946483 -8.742278079347179e-14
vn 0.999999999998 -0.000001999999994946483 -8.742278079347179e-14
vn 0.999999999998 -0.000001999999994946483 -8.742278079347179e-14
vn 0.999999999998 -0.000001999999994946483 -8.742278079347179e-14
vn 0.999999999998 -0.000001999999994946483 -8.742278079347179e-14
vn 0 -0.9993575041051713 -0.035841023823025286
vn 0 -0.9996430651120715 0.026715957279174977
vn 0 -0.9996430651120715 0.026715957279174977
vn 0 -0.9993575041051713 -0.035841023823025286
vn 0 0.7379969784067038 0.674804015890966
vn 0 0.7436628092889155 0.6685548788846869
vn 0 0.7436628092889155 0.6685548788846869
vn 0 0.7379969784067038 0.674804015890966
vn 0 -0.7289615701613558 -0.6845546210697075
vn 0 -0.7277836835201724 -0.685806758498201
vn 0 -0.7277836835201724 -0.685806758498201
vn 0 -0.7289615701613558 -0.6845546210697075
vn 0 -0.9716779506824144 -0.236309035285627
vn 0 -0.9716779506824144 -0.236309035285627
vn 0 -0.5763370016475367 -0.8172121270098281
vn 0 -0.5763370016475367 -0.8172121270098281
vn 0 -0.5936129040028296 0.8047507192922088
vn 0 -0.5936129040028296 0.8047507192922088
vn 0 -0.9740139683224149 0.22648794562364988
vn 0 -0.9740139683224149 0.22648794562364988
vn 0.999999999998 -0.000001999999994946483 -8.742278079347179e-14
vn 0.999999999998 -0.000001999999994946483 -8.742278079347179e-14
vn 0.999999999998 -0.000001999999994946483 -8.742278079347179e-14
vn 0.999999999998 -0.000001999999994946483 -8.742278079347179e-14
vn 0.999999999998 -0.000001999999994946483 -8.742278079347179e-14
vn 0.999999999998 -0.000001999999994946483 -8.742278079347179e-14
vn 0.999999999998 -0.000001999999994946483 -8.742278079347179e-14
vn 0.999999999998 -0.000001999999994946483 -8.742278079347179e-14
vn -0.999999999992 0.0000039999999898689665 1.7484556158589448e-13
vn -0.999999999992 0.0000039999999898689665 1.7484556158589448e-13
vn -0.999999999992 0.0000039999999898689665 1.7484556158589448e-13
vn -0.999999999992 0.0000039999999898689665 1.7484556158589448e-13
vn -0.999999999992 0.0000039999999898689665 1.7484556158589448e-13
vn -0.999999999992 0.0000039999999898689665 1.7484556158589448e-13
vn -0.999999999992 0.0000039999999898689665 1.7484556158589448e-13
vn -0.999999999992 0.0000039999999898689665 1.7484556158589448e-13
vn 0 0.9999999999979118 0.0000020437113854535803
vn 0 0.9999999999994553 0.0000010437113879819039
vn -0.000001999999994910486 0.9999999999797369 0.000006043711602611436
vn 0 0.9999999999994553 0.0000010437113879819039
vn 0 0.9999999999995428 -9.562886069675797e-7
vn 0.000001999999994910486 0.9999999999802613 -0.000005956288821598817
vn 0 0.9999999999980864 -0.000001956288604439387
vn 0 0.9999999999995428 -9.562886069675797e-7
vn 1 0 0
vn 1 0 0
vn 1 0 0
vn 1 0 0
vn 1 0 0
vn 1 0 0
vn 1 0 0
vn 1 0 0
vn 0 -0.9999999999999991 -4.371139050718397e-8
vn 0 -0.9999999999999991 -4.371139050718397e-8
vn 0 -0.9999999999999991 -4.371139050718397e-8
vn 0 -0.9999999999999991 -4.371139050718397e-8
vn 0 0.9999999999999991 4.371139050718397e-8
vn 0 0.9999999999999991 4.371139050718397e-8
vn 0.9999999999995 -9.999999974747417e-7 -4.371139039680146e-14
vn 0.9999999999995 -9.999999974747417e-7 -4.371139039680146e-14
vn 0.9999999999995 -9.999999974747417e-7 -4.371139039680146e-14
vn 0 0.9999999999999991 4.371139050718397e-8
vn 0 0.9999999999999991 4.371139050718397e-8
vn 0 0.9999999999999991 4.371139050718397e-8
vn 0 0.9999999999999991 4.371139050718397e-8
vn 0.9999999999995 -9.999999974747417e-7 -4.371139039680146e-14
vn 0.9999999999995 -9.999999974747417e-7 -4.371139039680146e-14
vn 0.9999999999995 -9.999999974747417e-7 -4.371139039680146e-14
vn 0 0.9999999999979118 0.0000020437113854535803
vn 0 0.9999999999994553 0.0000010437113879819039
vn 0 0.9999999999980864 -0.000001956288604439387
vn 0 0.9999999999995428 -9.562886069675797e-7
vn 0 0.9999999999999991 4.371139050718397e-8
vn 0 0.9999999999999991 4.371139050718397e-8
vn 0 0.9999999999999991 4.371139050718397e-8
vn 0 0.9999999999999991 4.371139050718397e-8
vn -0.6970924047624973 -0.702933415281828 -0.14123311546044678
vn -0.707105767906575 -0.7071077944643167 -0.000001030908367855139
vn -0.707105767906575 -0.7071077944643167 -0.000001030908367855139
vn -0.6994990978164167 -0.7044670802964743 -0.12011305063389097
vn -0.7071057679055143 -0.707107794463387 0.000001969090740903808
vn -0.7071057679055143 -0.707107794463387 0.000001969090740903808
vn -0.6995015335354685 -0.7044645192456601 0.1201138863974894
vn -0.6970948289225389 -0.7029308453334626 0.1412339412756003
vn -1 0 0
vn -1 0 0
vn -1 0 0
vn -1 0 0
vn -1 0 0
vn -1 0 0
vn -1 0 0
vn -1 0 0
vn -0.9985399621402752 2.3612017649265736e-9 -0.05401799708335766
vn -0.998385098390059 -0.015149999310350128 -0.054751007603227785
vn -1 0 0
vn -1 0 0
vn -0.998385098390059 -0.015150004096835418 0.05475100627877251
vn -0.9985399621402752 -2.3612017649265736e-9 0.05401799708335766
vn 0 -0.9999999999979118 -0.0000020437113854535803
vn 0 -0.9999999999979118 -0.0000020437113854535803
vn 0 -0.9813921737504895 -0.19201406537357824
vn 0 -0.9687822708166356 -0.24791311331061744
vn 0 -0.9687822924898856 0.2479130286169761
vn 0 -0.9813923774509433 0.19201302424883893
vn 0 -0.9999999999980864 0.000001956288604439387
vn 0 -0.9999999999980864 0.000001956288604439387
vn 0 -0.6083018113161438 -0.7937058059189807
vn 0 -0.6083018113161438 -0.7937058059189807
vn -0.0044010003260093345 -0.6082959527858629 -0.7936980943787565
vn -0.0044010003260093345 -0.6082959527858629 -0.7936980943787565
vn -0.030557006959858014 -0.6080150925613037 -0.7933372022937816
vn -0.030557006959858014 -0.6080150925613037 -0.7933372022937816
vn -0.004401000326009336 -0.6082960221731554 0.7936980411998298
vn -0.004401000326009336 -0.6082960221731554 0.7936980411998298
vn -0.030558011790911145 -0.6080162971044755 0.7933362404244171
vn -0.030557987035295126 -0.6080157869550573 0.7933366323584037
vn 0 -0.6083018807041105 0.7937057527395415
vn 0 -0.6083018807041105 0.7937057527395415
vn -0.7102401847217793 -0.6753651437081175 -0.19859708625880398
vn -0.8787596883289797 -0.08314194769323911 -0.46996683574666115
vn -0.7885928472702202 -0.5448029321094477 -0.2851509887747115
vn -0.7102429570264575 -0.675361971413304 0.19859795961451657
vn -0.7885938799231772 -0.5448009438649009 0.2851519316287768
vn -0.8787593083842834 -0.08314405047838953 0.4699671741707319
vn 0 -9.562886069675797e-7 -0.9999999999995428
vn 0 -9.562886069675797e-7 -0.9999999999995428
vn 0 -9.562886069675797e-7 -0.9999999999995428
vn 0 -9.562886069675797e-7 -0.9999999999995428
vn 0 -0.0000010437113879819039 0.9999999999994553
vn 0 -0.0000010437113879819039 0.9999999999994553
vn 0 -0.0000010437113879819039 0.9999999999994553
vn 0 -0.0000010437113879819039 0.9999999999994553
vn 0 -0.9656250286708152 -0.2599390390158574
vn 0 -0.9656250286708152 -0.2599390390158574
vn 0 -0.9656250286708152 -0.2599390390158574
vn 0 -0.9656250513954052 0.25993895459823096
vn 0 -0.9656250513954052 0.25993895459823096
vn 0 -0.9656250513954052 0.25993895459823096
vn -0.7885928472702202 -0.5448029321094477 -0.2851509887747115
vn -0.7885938799231772 -0.5448009438649009 0.2851519316287768
vn -0.872368301183723 2.136827858207016e-8 -0.4888492069031357
vn -0.8723683011832868 -0.0000010213686458488718 0.48884920690284756
vn 0 -0.9656252766751353 -0.2599381177243317
vn 0.0000030000001060975666 -9.562886069632764e-7 -0.9999999999950429
vn 0.0000030000001060975666 -9.562886069632764e-7 -0.9999999999950429
vn 0.0000030000001060975666 -0.0000010437113879772073 0.9999999999949554
vn 0.0000030000001060975666 -0.0000010437113879772073 0.9999999999949554
vn 0 -0.9656252993996447 0.25993803330668364
vn 0 -0.9993575072384894 0.035840936456412904
vn 0 -0.9993575072384894 0.035840936456412904
vn 0 -0.9996430627764844 -0.02671604467075165
vn 0 -0.9996430627764844 -0.02671604467075165
vn 0 0.7379979762810039 -0.6748029245677162
vn 0 0.7379979762810039 -0.6748029245677162
vn 0 0.7436628677358393 -0.6685548138716133
vn 0 0.7436628677358393 -0.6685548138716133
vn -0.0000010000001389829354 -0.7289611370495981 0.6845550822763331
vn -0.0000010000001389829354 -0.7289611370495981 0.6845550822763331
vn -9.999996205944471e-7 -0.7277837434749398 0.6858066948729818
vn -9.999996205944471e-7 -0.7277837434749398 0.6858066948729818
vn 0 -0.9716779713412036 0.23630895033883736
vn 0 -0.9716779713412036 0.23630895033883736
vn 0 -0.5763370730904913 0.8172120766248414
vn 0 -0.5763370730904913 0.8172120766248414
vn 0 -0.5936128336492814 -0.8047507711874966
vn 0 -0.5936128336492814 -0.8047507711874966
vn 0 -0.9740139485222054 -0.22648803077465893
vn 0 -0.9740139485222054 -0.22648803077465893
vn 1 0 0
vn 1 0 0
vn 1 0 0
vn 1 0 0
vn 1 0 0
vn 1 0 0
vn 1 0 0
vn 1 0 0
vn -1 0 0
vn -1 0 0
vn -1 0 0
vn -1 0 0
vn -1 0 0
vn -1 0 0
vn -1 0 0
vn -1 0 0
vn 0 -0.9993575041051713 -0.035841023823025286
vn 0 -0.9993575041051713 -0.035841023823025286
vn 0 -0.9996430651120715 0.026715957279174977
vn 0 -0.9996430651120715 0.026715957279174977
vn 0 0.7379979172878529 0.674802989085549
vn 0 0.7379979172878529 0.674802989085549
vn 0 0.7436628092889155 0.6685548788846869
vn 0 0.7436628092889155 0.6685548788846869
vn 0.0000010000001389829354 -0.7289610772038861 -0.6845551460041405
vn 0.0000010000001389829354 -0.7289610772038861 -0.6845551460041405
vn 9.999996205944471e-7 -0.7277836835198085 -0.6858067584978581
vn 9.999996205944471e-7 -0.7277836835198085 -0.6858067584978581
vn 0 -0.9716779506824144 -0.236309035285627
vn 0 -0.9716779506824144 -0.236309035285627
vn 0 -0.5763370016475367 -0.8172121270098281
vn 0 -0.5763370016475367 -0.8172121270098281
vn 0 -0.5936129040028296 0.8047507192922088
vn 0 -0.5936129040028296 0.8047507192922088
vn 0 -0.9740139683224149 0.22648794562364988
vn 0 -0.9740139683224149 0.22648794562364988
vn -1 0 0
vn -1 0 0
vn -1 0 0
vn -1 0 0
vn -1 0 0
vn -1 0 0
vn -1 0 0
vn -1 0 0
vn 1 0 0
vn 1 0 0
vn 1 0 0
vn 1 0 0
vn 1 0 0
vn 1 0 0
vn 1 0 0
vn 1 0 0
vn 0 0.9999999999979118 0.0000020437113854535803
vn 0 0.9999999999994553 0.0000010437113879819039
vn 0.000001999999994910486 0.9999999999797369 0.000006043711602611436
vn 0 0.9999999999994553 0.0000010437113879819039
vn 0 0.9999999999995428 -9.562886069675797e-7
vn 0 0.9999999999995428 -9.562886069675797e-7
vn 0 0.9999999999980864 -0.000001956288604439387
vn -0.000001999999994910486 0.9999999999802613 -0.000005956288821598817
vn -1 0 0
vn -1 0 0
vn -1 0 0
vn -1 0 0
vn -1 0 0
vn -1 0 0
vn -1 0 0
vn -1 0 0
vn 0 -0.9999999999999991 -4.371139050718397e-8
vn 0 -0.9999999999999991 -4.371139050718397e-8
vn 0 -0.9999999999999991 -4.371139050718397e-8
vn 0 -0.9999999999999991 -4.371139050718397e-8
vn 0 0.9999999999999991 4.371139050718397e-8
vn 0 0.9999999999999991 4.371139050718397e-8
vn -1 0 0
vn -1 0 0
vn -1 0 0
vn 0 0.9999999999999991 4.371139050718397e-8
vn 0 0.9999999999999991 4.371139050718397e-8
vn 0 0.9999999999999991 4.371139050718397e-8
vn 0 0.9999999999999991 4.371139050718397e-8
vn -1 0 0
vn -1 0 0
vn -1 0 0
vn 0 0.9999999999994553 0.0000010437113879819039
vn 0 0.9999999999979118 0.0000020437113854535803
vn 0 0.9999999999995428 -9.562886069675797e-7
vn 0 0.9999999999980864 -0.000001956288604439387
vn 0 0.9999999999999991 4.371139050718397e-8
vn 0 0.9999999999999991 4.371139050718397e-8
vn 0 0.9999999999999991 4.371139050718397e-8
vn 0 0.9999999999999991 4.371139050718397e-8
vn 0.6970939418541928 -0.7029319124309195 -0.14123300859357726
vn 0.6995000307328401 -0.7044659860843354 -0.12011403521229587
vn 0.7071067811861941 -0.7071067811861496 -0.0000010309083235643679
vn 0.7071067811861941 -0.7071067811861496 -0.0000010309083235643679
vn 0.7071067811851334 -0.70710678118522 0.0000019690907851976592
vn 0.7071067811851334 -0.70710678118522 0.0000019690907851976592
vn 0.699500115500856 -0.7044660811084996 0.12011298423535142
vn 0.6970939418541928 -0.7029319247778991 0.14123294714131407
vn 1 0 0
vn 1 0 0
vn 1 0 0
vn 1 0 0
vn 1 0 0
vn 1 0 0
vn 1 0 0
vn 1 0 0
vn 1 0 0
vn 0.998385098390059 -0.015149999310350128 -0.054751007603227785
vn 0.9985399621402752 2.3612017649265736e-9 -0.05401799708335766
vn 0.9985399621402752 -2.3612017649265736e-9 0.05401799708335766
vn 0.998385098390059 -0.015150004096835418 0.05475100627877251
vn 1 0 0
vn 0 -0.9999999999979118 -0.0000020437113854535803
vn 0 -0.9687822708166356 -0.24791311331061744
vn 0 -0.9813921737504895 -0.19201406537357824
vn 0 -0.9999999999979118 -0.0000020437113854535803
vn 0 -0.9687822924898856 0.2479130286169761
vn 0 -0.9999999999980864 0.000001956288604439387
vn 0 -0.9999999999980864 0.000001956288604439387
vn 0 -0.9813921905368895 0.19201397957754449
vn 0 -0.6083018113161438 -0.7937058059189807
vn 0.0044010003260093345 -0.6082959527858629 -0.7936980943787565
vn 0.0044010003260093345 -0.6082959527858629 -0.7936980943787565
vn 0 -0.6083018113161438 -0.7937058059189807
vn 0.03055799139046712 -0.6080168626204584 -0.7933358077960143
vn 0.03055799139046712 -0.6080168626204584 -0.7933358077960143
vn 0.004401000326009336 -0.6082960221731554 0.7936980411998298
vn 0.03055799139046712 -0.6080169319760786 0.7933357546414863
vn 0.03055799139046712 -0.6080169319760786 0.7933357546414863
vn 0.004401000326009336 -0.6082960221731554 0.7936980411998298
vn 0 -0.6083018807041105 0.7937057527395415
vn 0 -0.6083018807041105 0.7937057527395415
vn 0.710241010209012 -0.6753639997561195 -0.19859802428699683
vn 0.7885930869820811 -0.5448020389332358 -0.2851520323235678
vn 0.8787596148409017 -0.08314294656862704 -0.46996679644476635
vn 0.8787593833222751 -0.08314305536250081 0.46996721009879283
vn 0.7885934806836159 -0.5448016119464477 0.2851517593209824
vn 0.710241010209012 -0.6753640171181085 0.198597965244797
vn 0 -9.562886069675797e-7 -0.9999999999995428
vn 0 -9.562886069675797e-7 -0.9999999999995428
vn 0 -9.562886069675797e-7 -0.9999999999995428
vn 0 -9.562886069675797e-7 -0.9999999999995428
vn 0 -0.0000010437113879819039 0.9999999999994553
vn 0 -0.0000010437113879819039 0.9999999999994553
vn 0 -0.0000010437113879819039 0.9999999999994553
vn 0 -0.0000010437113879819039 0.9999999999994553
vn 0 -0.9656250286708152 -0.2599390390158574
vn 0 -0.9656250286708152 -0.2599390390158574
vn 0 -0.9656250286708152 -0.2599390390158574
vn 0 -0.9656250513954052 0.25993895459823096
vn 0 -0.9656250513954052 0.25993895459823096
vn 0 -0.9656250513954052 0.25993895459823096
vn 0.7885930869820811 -0.5448020389332358 -0.2851520323235678
vn 0.7885934806836159 -0.5448016119464477 0.2851517593209824
vn 0.872368550334809 2.1368259147155967e-8 -0.4888487622841481
vn 0.872368301183723 -2.136827858207016e-8 0.4888492069031357
vn 0 -0.9656250286708152 -0.2599390390158574
vn -0.000001999999994945486 -9.562886069656671e-7 -0.9999999999975429
vn -0.000001999999994945486 -9.562886069656671e-7 -0.9999999999975429
vn -0.0000030000001060975666 -0.0000010437113879772073 0.9999999999949554
vn -0.0000030000001060975666 -0.0000010437113879772073 0.9999999999949554
vn 0 -0.9656250513954052 0.25993895459823096
vn 0 4.371139050718397e-8 -0.9999999999999991
vn 0 4.371139050718397e-8 -0.9999999999999991
vn 0 4.371139050718397e-8 -0.9999999999999991
vn 0 4.371139050718397e-8 -0.9999999999999991
vn -0.4186730247466328 0.908137048219873 3.969593314878026e-8
vn -0.4186730247466328 0.908137048219873 3.969593314878026e-8
vn -0.4186730247466328 0.908137048219873 3.969593314878026e-8
vn -0.4186730247466328 0.908137048219873 3.969593314878026e-8
vn 0 -4.371139050718397e-8 0.9999999999999991
vn 0 -4.371139050718397e-8 0.9999999999999991
vn 0 -4.371139050718397e-8 0.9999999999999991
vn 0 -4.371139050718397e-8 0.9999999999999991
vn 0.4410851459971291 -0.8974652605982528 -3.9229454472641896e-8
vn 0.4410851459971291 -0.8974652605982528 -3.9229454472641896e-8
vn 0.4410851459971291 -0.8974652605982528 -3.9229454472641896e-8
vn 0.4410851459971291 -0.8974652605982528 -3.9229454472641896e-8
vn -1 0 0
vn -1 0 0
vn -1 0 0
vn -1 0 0
vn 0 -4.371139050718397e-8 0.9999999999999991
vn 0 -4.371139050718397e-8 0.9999999999999991
vn 0 -4.371139050718397e-8 0.9999999999999991
vn 0 -4.371139050718397e-8 0.9999999999999991
vn 0.4186730247466328 0.908137048219873 3.969593314878026e-8
vn 0.4186730247466328 0.908137048219873 3.969593314878026e-8
vn 0.4186730247466328 0.908137048219873 3.969593314878026e-8
vn 0.4186730247466328 0.908137048219873 3.969593314878026e-8
vn 0 4.371139050718397e-8 -0.9999999999999991
vn 0 4.371139050718397e-8 -0.9999999999999991
vn 0 4.371139050718397e-8 -0.9999999999999991
vn 0 4.371139050718397e-8 -0.9999999999999991
vn -0.4410851459971291 -0.8974652605982528 -3.9229454472641896e-8
vn -0.4410851459971291 -0.8974652605982528 -3.9229454472641896e-8
vn -0.4410851459971291 -0.8974652605982528 -3.9229454472641896e-8
vn -0.4410851459971291 -0.8974652605982528 -3.9229454472641896e-8
vn 1 0 0
vn 1 0 0
vn 1 0 0
vn 1 0 0
vn 0 0.9999999999999991 4.371139050718397e-8
vn 0 0.9999999999999991 4.371139050718397e-8
vn 0 0.9999999999999991 4.371139050718397e-8
vn 0 0.9999999999999991 4.371139050718397e-8
vn 0 -4.371139050718397e-8 0.9999999999999991
vn 0 -0.29258914926624385 0.9562382494606957
vn 0 -0.29258914926624385 0.9562382494606957
vn 0 -4.371139050718397e-8 0.9999999999999991
vn 0 -0.9999999999999991 -4.371139050718397e-8
vn 0 -0.9999999999999991 -4.371139050718397e-8
vn 0 -0.9999999999999991 -4.371139050718397e-8
vn 0 -0.9999999999999991 -4.371139050718397e-8
vn 0 -0.29258906566923565 -0.9562382750396491
vn 0 -0.29258906566923565 -0.9562382750396491
vn 0 4.371139050718397e-8 -0.9999999999999991
vn 0 4.371139050718397e-8 -0.9999999999999991
vn -1 0 0
vn -0.9999999999995 9.999999974747417e-7 4.371139039680146e-14
vn -1 0 0
vn -1 0 0
vn 0 -4.371139050718397e-8 0.9999999999999991
vn 0 -4.371139050718397e-8 0.9999999999999991
vn 0.9999999999995 -9.999999974747417e-7 -4.371139039680146e-14
vn 1 0 0
vn 1 0 0
vn 1 0 0
vn 0 4.371139050718397e-8 -0.9999999999999991
vn 0 4.371139050718397e-8 -0.9999999999999991
vn 0 -0.999389518671689 0.03493694275648293
vn 0 -0.999389518671689 0.03493694275648293
vn 1 0 0
vn 0.9999999999995 -9.999999974747417e-7 -4.371139039680146e-14
vn 0 0.9999999999999991 4.371139050718397e-8
vn 0 0.9999999999999991 4.371139050718397e-8
vn -0.9999999999995 9.999999974747417e-7 4.371139039680146e-14
vn -1 0 0
vn 0 -0.9993895156174004 -0.034937030125893824
vn 0 -0.9993895156174004 -0.034937030125893824
vn -1 0 0
vn -1 0 0
vn 0 0.9999999999999991 4.371139050718397e-8
vn 0 0.9999999999999991 4.371139050718397e-8
vn 1 0 0
vn 1 0 0
vn 0 -0.3826829607078013 0.9238797278779914
vn 0 -0.3826829607078013 0.9238797278779914
vn 0 -0.9238792805702036 0.3826840406041035
vn 0 -0.9238792805702036 0.3826840406041035
vn 0 -0.923879247114897 -0.3826841213721981
vn 0 -0.923879247114897 -0.3826841213721981
vn 0 -0.3826828799396647 -0.9238797613331966
vn 0 -0.3826828799396647 -0.9238797613331966
vn -0.9999999999995 9.999999974747417e-7 4.371139039680146e-14
vn -0.9999999999995 9.999999974747417e-7 4.371139039680146e-14
vn -0.9999999999995 9.999999974747417e-7 4.371139039680146e-14
vn -0.9999999999995 9.999999974747417e-7 4.371139039680146e-14
vn 0.9999999999995 -9.999999974747417e-7 -4.371139039680146e-14
vn 0.9999999999995 -9.999999974747417e-7 -4.371139039680146e-14
vn 0.9999999999995 -9.999999974747417e-7 -4.371139039680146e-14
vn 0.9999999999995 -9.999999974747417e-7 -4.371139039680146e-14
vn -0.9999999999995 9.999999974747417e-7 4.371139039680146e-14
vn -0.9999999999995 9.999999974747417e-7 4.371139039680146e-14
vn -0.9999999999995 9.999999974747417e-7 4.371139039680146e-14
vn -0.9999999999995 9.999999974747417e-7 4.371139039680146e-14
vn 0.9999999999995 -9.999999974747417e-7 -4.371139039680146e-14
vn 0.9999999999995 -9.999999974747417e-7 -4.371139039680146e-14
vn 0.9999999999995 -9.999999974747417e-7 -4.371139039680146e-14
vn 0.9999999999995 -9.999999974747417e-7 -4.371139039680146e-14
f 4/4/4 1/1/1 2/2/2
f 2/2/2 3/3/3 4/4/4
f 8/8/8 5/5/5 6/6/6
f 6/6/6 7/7/7 8/8/8
f 12/12/12 9/9/9 10/10/10
f 10/10/10 11/11/11 12/12/12
f 16/16/16 13/13/13 14/14/14
f 14/14/14 15/15/15 16/16/16
f 18/18/18 1/1/1 4/4/4
f 4/4/4 17/17/17 18/18/18
f 14/14/14 19/19/19 20/20/20
f 20/20/20 15/15/15 14/14/14
f 22/22/22 5/5/5 8/8/8
f 8/8/8 21/21/21 22/22/22
f 26/26/26 23/23/23 24/24/24
f 24/24/24 25/25/25 26/26/26
f 30/30/30 27/27/27 28/28/28
f 28/28/28 29/29/29 30/30/30
f 6/6/6 31/31/31 32/32/32
f 32/32/32 7/7/7 6/6/6
f 34/34/34 13/13/13 16/16/16
f 16/16/16 33/33/33 34/34/34
f 10/10/10 35/35/35 36/36/36
f 36/36/36 11/11/11 10/10/10
f 48/48/48 37/37/37 38/38/38
f 48/48/48 38/38/38 39/39/39
f 48/48/48 39/39/39 40/40/40
f 48/48/48 40/40/40 41/41/41
f 48/48/48 41/41/41 42/42/42
f 48/48/48 42/42/42 43/43/43
f 48/48/48 43/43/43 44/44/44
f 48/48/48 44/44/44 45/45/45
f 48/48/48 45/45/45 46/46/46
f 46/46/46 47/47/47 48/48/48
f 60/60/60 49/49/49 50/50/50
f 60/60/60 50/50/50 51/51/51
f 60/60/60 51/51/51 52/52/52
f 60/60/60 52/52/52 53/53/53
f 60/60/60 53/53/53 54/54/54
f 60/60/60 54/54/54 55/55/55
f 60/60/60 55/55/55 56/56/56
f 60/60/60 56/56/56 57/57/57
f 60/60/60 57/57/57 58/58/58
f 58/58/58 59/59/59 60/60/60
f 64/64/64 61/61/61 62/62/62
f 62/62/62 63/63/63 64/64/64
f 68/68/68 65/65/65 66/66/66
f 66/66/66 67/67/67 68/68/68
f 72/72/72 69/69/69 70/70/70
f 70/70/70 71/71/71 72/72/72
f 76/76/76 73/73/73 74/74/74
f 74/74/74 75/75/75 76/76/76
f 62/62/62 61/61/61 77/77/77
f 77/77/77 78/78/78 62/62/62
f 80/80/80 79/79/79 76/76/76
f 76/76/76 75/75/75 80/80/80
f 66/66/66 65/65/65 81/81/81
f 81/81/81 82/82/82 66/66/66
f 86/86/86 83/83/83 84/84/84
f 84/84/84 85/85/85 86/86/86
f 90/90/90 87/87/87 88/88/88
f 88/88/88 89/89/89 90/90/90
f 92/92/92 91/91/91 68/68/68
f 68/68/68 67/67/67 92/92/92
f 74/74/74 73/73/73 93/93/93
f 93/93/93 94/94/94 74/74/74
f 96/96/96 95/95/95 72/72/72
f 72/72/72 71/71/71 96/96/96
f 108/108/108 97/97/97 98/98/98
f 108/108/108 98/98/98 99/99/99
f 108/108/108 99/99/99 100/100/100
f 108/108/108 100/100/100 101/101/101
f 108/108/108 101/101/101 102/102/102
f 108/108/108 102/102/102 103/103/103
f 108/108/108 103/103/103 104/104/104
f 108/108/108 104/104/104 105/105/105
f 108/108/108 105/105/105 106/106/106
f 106/106/106 107/107/107 108/108/108
f 120/120/120 109/109/109 110/110/110
f 120/120/120 110/110/110 111/111/111
f 120/120/120 111/111/111 112/112/112
f 120/120/120 112/112/112 113/113/113
f 120/120/120 113/113/113 114/114/114
f 120/120/120 114/114/114 115/115/115
f 120/120/120 115/115/115 116/116/116
f 120/120/120 116/116/116 117/117/117
f 120/120/120 117/117/117 118/118/118
f 118/118/118 119/119/119 120/120/120
f 124/124/124 121/121/121 122/122/122
f 122/122/122 123/123/123 124/124/124
f 128/128/128 125/125/125 126/126/126
f 126/126/126 127/127/127 128/128/128
f 132/132/132 129/129/129 130/130/130
f 130/130/130 131/131/131 132/132/132
f 134/134/134 121/121/121 124/124/124
f 124/124/124 133/133/133 134/134/134
f 130/130/130 135/135/135 136/136/136
f 136/136/136 131/131/131 130/130/130
f 138/138/138 125/125/125 128/128/128
f 128/128/128 137/137/137 138/138/138
f 122/122/122 139/139/139 140/140/140
f 140/140/140 123/123/123 122/122/122
f 148/148/148 141/141/141 142/142/142
f 148/148/148 142/142/142 143/143/143
f 148/148/148 143/143/143 144/144/144
f 148/148/148 144/144/144 145/145/145
f 148/148/148 145/145/145 146/146/146
f 146/146/146 147/147/147 148/148/148
f 156/156/156 149/149/149 150/150/150
f 156/156/156 150/150/150 151/151/151
f 156/156/156 151/151/151 152/152/152
f 156/156/156 152/152/152 153/153/153
f 156/156/156 153/153/153 154/154/154
f 154/154/154 155/155/155 156/156/156
f 160/160/160 157/157/157 158/158/158
f 158/158/158 159/159/159 160/160/160
f 164/164/164 161/161/161 162/162/162
f 162/162/162 163/163/163 164/164/164
f 168/168/168 165/165/165 166/166/166
f 166/166/166 167/167/167 168/168/168
f 170/170/170 157/157/157 160/160/160
f 160/160/160 169/169/169 170/170/170
f 166/166/166 171/171/171 172/172/172
f 172/172/172 167/167/167 166/166/166
f 174/174/174 161/161/161 164/164/164
f 164/164/164 173/173/173 174/174/174
f 158/158/158 175/175/175 176/176/176
f 176/176/176 159/159/159 158/158/158
f 184/184/184 177/177/177 178/178/178
f 184/184/184 178/178/178 179/179/179
f 184/184/184 179/179/179 180/180/180
f 184/184/184 180/180/180 181/181/181
f 184/184/184 181/181/181 182/182/182
f 182/182/182 183/183/183 184/184/184
f 192/192/192 185/185/185 186/186/186
f 192/192/192 186/186/186 187/187/187
f 192/192/192 187/187/187 188/188/188
f 192/192/192 188/188/188 189/189/189
f 192/192/192 189/189/189 190/190/190
f 190/190/190 191/191/191 192/192/192
f 196/196/196 193/193/193 194/194/194
f 194/194/194 195/195/195 196/196/196
f 200/200/200 197/197/197 198/198/198
f 198/198/198 199/199/199 200/200/200
f 204/204/204 201/201/201 202/202/202
f 202/202/202 203/203/203 204/204/204
f 208/208/208 205/205/205 206/206/206
f 206/206/206 207/207/207 208/208/208
f 212/212/212 209/209/209 210/210/210
f 210/210/210 211/211/211 212/212/212
f 214/214/214 194/194/194 199/199/199
f 199/199/199 213/213/213 214/214/214
f 204/204/204 203/203/203 206/206/206
f 206/206/206 205/205/205 204/204/204
f 202/202/202 201/201/201 215/215/215
f 202/202/202 215/215/215 216/216/216
f 216/216/216 217/217/217 202/202/202
f 193/193/193 196/196/196 218/218/218
f 218/218/218 219/219/219 193/193/193
f 197/197/197 200/200/200 220/220/220
f 220/220/220 221/221/221 197/197/197
f 208/208/208 207/207/207 222/222/222
f 208/208/208 222/222/222 223/223/223
f 223/223/223 224/224/224 208/208/208
f 194/194/194 193/193/193 225/225/225
f 225/225/225 226/226/226 194/194/194
f 200/200/200 199/199/199 227/227/227
f 227/227/227 228/228/228 200/200/200
f 199/199/199 194/194/194 226/226/226
f 226/226/226 227/227/227 199/199/199
f 193/193/193 219/219/219 229/229/229
f 193/193/193 229/229/229 230/230/230
f 230/230/230 225/225/225 193/193/193
f 220/220/220 200/200/200 228/228/228
f 220/220/220 228/228/228 231/231/231
f 231/231/231 232/232/232 220/220/220
f 236/236/236 233/233/233 234/234/234
f 234/234/234 235/235/235 236/236/236
f 235/235/235 234/234/234 237/237/237
f 237/237/237 238/238/238 235/235/235
f 240/240/240 239/239/239 238/238/238
f 238/238/238 237/237/237 240/240/240
f 244/244/244 241/241/241 242/242/242
f 242/242/242 243/243/243 244/244/244
f 248/248/248 245/245/245 246/246/246
f 246/246/246 247/247/247 248/248/248
f 242/242/242 241/241/241 248/248/248
f 248/248/248 247/247/247 242/242/242
f 244/244/244 243/243/243 249/249/249
f 244/244/244 249/249/249 250/250/250
f 250/250/250 251/251/251 244/244/244
f 246/246/246 245/245/245 252/252/252
f 246/246/246 252/252/252 253/253/253
f 253/253/253 254/254/254 246/246/246
f 258/258/258 255/255/255 256/256/256
f 256/256/256 257/257/257 258/258/258
f 262/262/262 259/259/259 260/260/260
f 260/260/260 261/261/261 262/262/262
f 255/255/255 262/262/262 261/261/261
f 261/261/261 256/256/256 255/255/255
f 266/266/266 263/263/263 264/264/264
f 264/264/264 265/265/265 266/266/266
f 268/268/268 266/266/266 265/265/265
f 265/265/265 267/267/267 268/268/268
f 272/272/272 269/269/269 270/270/270
f 270/270/270 271/271/271 272/272/272
f 274/274/274 270/270/270 269/269/269
f 269/269/269 273/273/273 274/274/274
f 277/277/277 275/275/275 250/250/250
f 250/250/250 276/276/276 277/277/277
f 280/280/280 253/253/253 278/278/278
f 278/278/278 279/279/279 280/280/280
f 284/284/284 281/281/281 282/282/282
f 282/282/282 283/283/283 284/284/284
f 288/288/288 285/285/285 286/286/286
f 286/286/286 287/287/287 288/288/288
f 291/291/291 289/289/289 258/258/258
f 258/258/258 290/290/290 291/291/291
f 294/294/294 259/259/259 292/292/292
f 292/292/292 293/293/293 294/294/294
f 233/233/233 236/236/236 275/275/275
f 275/275/275 295/295/295 233/233/233
f 239/239/239 240/240/240 296/296/296
f 296/296/296 278/278/278 239/239/239
f 297/297/297 276/276/276 250/250/250
f 250/250/250 249/249/249 297/297/297
f 298/298/298 254/254/254 253/253/253
f 253/253/253 280/280/280 298/298/298
f 290/290/290 258/258/258 257/257/257
f 257/257/257 299/299/299 290/290/290
f 282/282/282 281/281/281 300/300/300
f 300/300/300 301/301/301 282/282/282
f 285/285/285 288/288/288 302/302/302
f 302/302/302 303/303/303 285/285/285
f 259/259/259 294/294/294 304/304/304
f 304/304/304 260/260/260 259/259/259
f 308/308/308 305/305/305 306/306/306
f 306/306/306 307/307/307 308/308/308
f 312/312/312 309/309/309 310/310/310
f 310/310/310 311/311/311 312/312/312
f 316/316/316 313/313/313 314/314/314
f 314/314/314 315/315/315 316/316/316
f 306/306/306 305/305/305 317/317/317
f 317/317/317 318/318/318 306/306/306
f 320/320/320 319/319/319 316/316/316
f 316/316/316 315/315/315 320/320/320
f 310/310/310 309/309/309 321/321/321
f 321/321/321 322/322/322 310/310/310
f 324/324/324 323/323/323 308/308/308
f 308/308/308 307/307/307 324/324/324
f 332/332/332 325/325/325 326/326/326
f 326/326/326 327/327/327 328/328/328
f 326/326/326 328/328/328 329/329/329
f 326/326/326 329/329/329 330/330/330
f 326/326/326 330/330/330 331/331/331
f 326/326/326 331/331/331 332/332/332
f 340/340/340 333/333/333 334/334/334
f 340/340/340 334/334/334 335/335/335
f 340/340/340 335/335/335 336/336/336
f 340/340/340 336/336/336 337/337/337
f 337/337/337 338/338/338 339/339/339
f 337/337/337 339/339/339 340/340/340
f 344/344/344 341/341/341 342/342/342
f 342/342/342 343/343/343 344/344/344
f 348/348/348 345/345/345 346/346/346
f 346/346/346 347/347/347 348/348/348
f 352/352/352 349/349/349 350/350/350
f 350/350/350 351/351/351 352/352/352
f 342/342/342 341/341/341 353/353/353
f 353/353/353 354/354/354 342/342/342
f 356/356/356 355/355/355 352/352/352
f 352/352/352 351/351/351 356/356/356
f 346/346/346 345/345/345 357/357/357
f 357/357/357 358/358/358 346/346/346
f 360/360/360 359/359/359 344/344/344
f 344/344/344 343/343/343 360/360/360
f 368/368/368 361/361/361 362/362/362
f 362/362/362 363/363/363 364/364/364
f 362/362/362 364/364/364 365/365/365
f 362/362/362 365/365/365 366/366/366
f 362/362/362 366/366/366 367/367/367
f 362/362/362 367/367/367 368/368/368
f 376/376/376 369/369/369 370/370/370
f 376/376/376 370/370/370 371/371/371
f 376/376/376 371/371/371 372/372/372
f 376/376/376 372/372/372 373/373/373
f 373/373/373 374/374/374 375/375/375
f 373/373/373 375/375/375 376/376/376
f 380/380/380 377/377/377 378/378/378
f 378/378/378 379/379/379 380/380/380
f 384/384/384 381/381/381 382/382/382
f 382/382/382 383/383/383 384/384/384
f 388/388/388 385/385/385 386/386/386
f 386/386/386 387/387/387 388/388/388
f 392/392/392 389/389/389 390/390/390
f 390/390/390 391/391/391 392/392/392
f 396/396/396 393/393/393 394/394/394
f 394/394/394 395/395/395 396/396/396
f 383/383/383 380/380/380 397/397/397
f 397/397/397 398/398/398 383/383/383
f 392/392/392 387/387/387 386/386/386
f 386/386/386 389/389/389 392/392/392
f 401/401/401 385/385/385 388/388/388
f 401/401/401 388/388/388 399/399/399
f 399/399/399 400/400/400 401/401/401
f 403/403/403 378/378/378 377/377/377
f 377/377/377 402/402/402 403/403/403
f 405/405/405 382/382/382 381/381/381
f 381/381/381 404/404/404 405/405/405
f 408/408/408 391/391/391 390/390/390
f 408/408/408 390/390/390 406/406/406
f 406/406/406 407/407/407 408/408/408
f 410/410/410 377/377/377 380/380/380
f 380/380/380 409/409/409 410/410/410
f 412/412/412 383/383/383 382/382/382
f 382/382/382 411/411/411 412/412/412
f 409/409/409 380/380/380 383/383/383
f 383/383/383 412/412/412 409/409/409
f 414/414/414 402/402/402 377/377/377
f 414/414/414 377/377/377 410/410/410
f 410/410/410 413/413/413 414/414/414
f 411/411/411 382/382/382 405/405/405
f 411/411/411 405/405/405 415/415/415
f 415/415/415 416/416/416 411/411/411
f 420/420/420 417/417/417 418/418/418
f 418/418/418 419/419/419 420/420/420
f 422/422/422 420/420/420 419/419/419
f 419/419/419 421/421/421 422/422/422
f 421/421/421 423/423/423 424/424/424
f 424/424/424 422/422/422 421/421/421
f 428/428/428 425/425/425 426/426/426
f 426/426/426 427/427/427 428/428/428
f 432/432/432 429/429/429 430/430/430
f 430/430/430 431/431/431 432/432/432
f 430/430/430 425/425/425 428/428/428
f 428/428/428 431/431/431 430/430/430
f 435/435/435 427/427/427 426/426/426
f 435/435/435 426/426/426 433/433/433
f 433/433/433 434/434/434 435/435/435
f 438/438/438 429/429/429 432/432/432
f 438/438/438 432/432/432 436/436/436
f 436/436/436 437/437/437 438/438/438
f 442/442/442 439/439/439 440/440/440
f 440/440/440 441/441/441 442/442/442
f 446/446/446 443/443/443 444/444/444
f 444/444/444 445/445/445 446/446/446
f 445/445/445 444/444/444 439/439/439
f 439/439/439 442/442/442 445/445/445
f 450/450/450 447/447/447 448/448/448
f 448/448/448 449/449/449 450/450/450
f 449/449/449 448/448/448 451/451/451
f 451/451/451 452/452/452 449/449/449
f 456/456/456 453/453/453 454/454/454
f 454/454/454 455/455/455 456/456/456
f 453/453/453 456/456/456 457/457/457
f 457/457/457 458/458/458 453/453/453
f 434/434/434 459/459/459 460/460/460
f 460/460/460 461/461/461 434/434/434
f 464/464/464 437/437/437 462/462/462
f 462/462/462 463/463/463 464/464/464
f 468/468/468 465/465/465 466/466/466
f 466/466/466 467/467/467 468/468/468
f 472/472/472 469/469/469 470/470/470
f 470/470/470 471/471/471 472/472/472
f 440/440/440 473/473/473 474/474/474
f 474/474/474 475/475/475 440/440/440
f 478/478/478 443/443/443 476/476/476
f 476/476/476 477/477/477 478/478/478
f 459/459/459 418/418/418 417/417/417
f 417/417/417 479/479/479 459/459/459
f 480/480/480 424/424/424 423/423/423
f 423/423/423 464/464/464 480/480/480
f 434/434/434 461/461/461 481/481/481
f 481/481/481 435/435/435 434/434/434
f 437/437/437 436/436/436 482/482/482
f 482/482/482 462/462/462 437/437/437
f 441/441/441 440/440/440 475/475/475
f 475/475/475 483/483/483 441/441/441
f 485/485/485 465/465/465 468/468/468
f 468/468/468 484/484/484 485/485/485
f 487/487/487 470/470/470 469/469/469
f 469/469/469 486/486/486 487/487/487
f 488/488/488 476/476/476 443/443/443
f 443/443/443 446/446/446 488/488/488
f 492/492/492 489/489/489 490/490/490
f 490/490/490 491/491/491 492/492/492
f 496/496/496 493/493/493 494/494/494
f 494/494/494 495/495/495 496/496/496
f 500/500/500 497/497/497 498/498/498
f 498/498/498 499/499/499 500/500/500
f 504/504/504 501/501/501 502/502/502
f 502/502/502 503/503/503 504/504/504
f 508/508/508 505/505/505 506/506/506
f 506/506/506 507/507/507 508/508/508
f 512/512/512 509/509/509 510/510/510
f 510/510/510 511/511/511 512/512/512
f 516/516/516 513/513/513 514/514/514
f 514/514/514 515/515/515 516/516/516
f 520/520/520 517/517/517 518/518/518
f 518/518/518 519/519/519 520/520/520
f 524/524/524 521/521/521 522/522/522
f 522/522/522 523/523/523 524/524/524
f 528/528/528 525/525/525 526/526/526
f 526/526/526 527/527/527 528/528/528
f 532/532/532 529/529/529 530/530/530
f 530/530/530 531/531/531 532/532/532
f 536/536/536 533/533/533 534/534/534
f 534/534/534 535/535/535 536/536/536
f 540/540/540 537/537/537 538/538/538
f 538/538/538 539/539/539 540/540/540
f 544/544/544 541/541/541 542/542/542
f 542/542/542 543/543/543 544/544/544
f 548/548/548 545/545/545 546/546/546
f 546/546/546 547/547/547 548/548/548
f 550/550/550 533/533/533 536/536/536
f 536/536/536 549/549/549 550/550/550
f 554/554/554 551/551/551 552/552/552
f 552/552/552 553/553/553 554/554/554
f 556/556/556 544/544/544 543/543/543
f 543/543/543 555/555/555 556/556/556
f 558/558/558 537/537/537 540/540/540
f 540/540/540 557/557/557 558/558/558
f 560/560/560 551/551/551 554/554/554
f 554/554/554 559/559/559 560/560/560
f 562/562/562 531/531/531 530/530/530
f 530/530/530 561/561/561 562/562/562
f 564/564/564 547/547/547 546/546/546
f 546/546/546 563/563/563 564/564/564
f 566/566/566 539/539/539 538/538/538
f 538/538/538 565/565/565 566/566/566
f 568/568/568 545/545/545 548/548/548
f 548/548/548 567/567/567 568/568/568
f 570/570/570 529/529/529 532/532/532
f 532/532/532 569/569/569 570/570/570
f 572/572/572 553/553/553 552/552/552
f 552/552/552 571/571/571 572/572/572
f 535/535/535 534/534/534 573/573/573
f 573/573/573 574/574/574 535/535/535
f 576/576/576 575/575/575 558/558/558
f 558/558/558 557/557/557 576/576/576
f 566/566/566 565/565/565 577/577/577
f 577/577/577 578/578/578 566/566/566
f 580/580/580 579/579/579 542/542/542
f 542/542/542 541/541/541 580/580/580
f 584/584/584 581/581/581 582/582/582
f 584/584/584 582/582/582 563/563/563
f 584/584/584 563/563/563 546/546/546
f 546/546/546 583/583/583 584/584/584
f 588/588/588 585/585/585 551/551/551
f 588/588/588 551/551/551 560/560/560
f 588/588/588 560/560/560 586/586/586
f 586/586/586 587/587/587 588/588/588
f 592/592/592 589/589/589 590/590/590
f 592/592/592 590/590/590 591/591/591
f 592/592/592 591/591/591 545/545/545
f 545/545/545 568/568/568 592/592/592
f 596/596/596 593/593/593 594/594/594
f 596/596/596 594/594/594 571/571/571
f 596/596/596 571/571/571 552/552/552
f 552/552/552 595/595/595 596/596/596
o defaultMaterial_1
usemtl lambert3SG
v -1 -0.04596307093417282 -0.6898620148722696
v -1 -0.04596308219055641 -0.43234598837538263
v -1 -0.01675668145339004 -0.43234598709873023
v -1 -0.016756670197006444 -0.6898620135956172
v 1 -0.04596308219055641 -0.43234598837538263
v 1 -0.04596307093417282 -0.6898620148722696
v 1 -0.016756670197006444 -0.6898620135956172
v 1 -0.01675668145339004 -0.43234598709873023
v 1 -0.016756670197006444 -0.6898620135956172
v -1 -0.016756670197006444 -0.6898620135956172
v -1 -0.01675668145339004 -0.43234598709873023
v 1 -0.01675668145339004 -0.43234598709873023
v 1 -0.01675668145339004 -0.43234598709873023
v -1 -0.01675668145339004 -0.43234598709873023
v -1 -0.04596308219055641 -0.43234598837538263
v 1 -0.04596308219055641 -0.43234598837538263
v 1 -0.04596308219055641 -0.43234598837538263
v -1 -0.04596308219055641 -0.43234598837538263
v -1 -0.04596307093417282 -0.6898620148722696
v 1 -0.04596307093417282 -0.6898620148722696
v 1 -0.04596307093417282 -0.6898620148722696
v -1 -0.04596307093417282 -0.6898620148722696
v -1 -0.016756670197006444 -0.6898620135956172
v 1 -0.016756670197006444 -0.6898620135956172
v -1 -0.01675666366250475 -0.8393539793663385
v -1 -0.04596306439967113 -0.8393539806429909
v -1 -0.045963070028430905 -0.7105829735819864
v -1 -0.016756669291264525 -0.710582972305334
v 1 -0.045963070028430905 -0.7105829735819864
v 1 -0.04596306439967113 -0.8393539806429909
v 1 -0.01675666366250475 -0.8393539793663385
v 1 -0.016756669291264525 -0.710582972305334
v 1 -0.016756669291264525 -0.710582972305334
v -1 -0.016756669291264525 -0.710582972305334
v -1 -0.045963070028430905 -0.7105829735819864
v 1 -0.045963070028430905 -0.7105829735819864
v 0.8712549805641174 -0.016756658034836638 -0.9681000120811821
v 0.8712549805641174 -0.04596305877200301 -0.9681000133578346
v -0.8712549805641174 -0.04596305877200301 -0.9681000133578346
v -0.8712549805641174 -0.016756658034836638 -0.9681000120811821
v -0.9356269836425781 -0.045963059525980274 -0.9508510252062843
v -0.9356269836425781 -0.016756658788813893 -0.9508510239296318
v -0.9827510118484497 -0.04596306158583707 -0.9037269970004128
v -0.9827510118484497 -0.016756660848670692 -0.9037269957237604
v 0.9356269836425781 -0.016756658788813893 -0.9508510239296318
v 0.9356269836425781 -0.045963059525980274 -0.9508510252062843
v 0.9827510118484497 -0.016756660848670692 -0.9037269957237604
v 0.9827510118484497 -0.04596306158583707 -0.9037269970004128
v 0.8712549805641174 -0.016756658034836638 -0.9681000120811821
v -0.8712549805641174 -0.016756658034836638 -0.9681000120811821
v -0.9356269836425781 -0.016756658788813893 -0.9508510239296318
v -0.9827510118484497 -0.016756660848670692 -0.9037269957237604
v -1 -0.01675666366250475 -0.8393539793663385
v -1 -0.016756669291264525 -0.710582972305334
v 1 -0.016756669291264525 -0.710582972305334
v 1 -0.01675666366250475 -0.8393539793663385
v 0.9827510118484497 -0.016756660848670692 -0.9037269957237604
v 0.9356269836425781 -0.016756658788813893 -0.9508510239296318
v 1 -0.045963070028430905 -0.7105829735819864
v -1 -0.045963070028430905 -0.7105829735819864
v -1 -0.04596306439967113 -0.8393539806429909
v -0.9827510118484497 -0.04596306158583707 -0.9037269970004128
v -0.9356269836425781 -0.045963059525980274 -0.9508510252062843
v -0.8712549805641174 -0.04596305877200301 -0.9681000133578346
v 0.8712549805641174 -0.04596305877200301 -0.9681000133578346
v 0.9356269836425781 -0.045963059525980274 -0.9508510252062843
v 0.9827510118484497 -0.04596306158583707 -0.9037269970004128
v 1 -0.04596306439967113 -0.8393539806429909
v 1 -0.01675673704120811 0.8393549911803824
v 1 -0.045963137778374484 0.8393549899037299
v 1 -0.045963132149570415 0.7105829695637642
v 1 -0.016756731412404042 0.7105829708404167
v -1 -0.045963132149570415 0.7105829695637642
v -1 -0.045963137778374484 0.8393549899037299
v -1 -0.01675673704120811 0.8393549911803824
v -1 -0.016756731412404042 0.7105829708404167
v -1 -0.016756731412404042 0.7105829708404167
v 1 -0.016756731412404042 0.7105829708404167
v 1 -0.045963132149570415 0.7105829695637642
v -1 -0.045963132149570415 0.7105829695637642
v -0.8712549805641174 -0.01675674266883193 0.9681000106162648
v -0.8712549805641174 -0.04596314340599831 0.9681000093396124
v 0.8712549805641174 -0.04596314340599831 0.9681000093396124
v 0.8712549805641174 -0.01675674266883193 0.9681000106162648
v 0.9356269836425781 -0.04596314265202105 0.9508510211880621
v 0.9356269836425781 -0.016756741914854673 0.9508510224647145
v 0.9827510118484497 -0.04596314059216425 0.9037269929821906
v 0.9827510118484497 -0.016756739854997874 0.9037269942588431
v -0.9356269836425781 -0.016756741914854673 0.9508510224647145
v -0.9356269836425781 -0.04596314265202105 0.9508510211880621
v -0.9827510118484497 -0.016756739854997874 0.9037269942588431
v -0.9827510118484497 -0.04596314059216425 0.9037269929821906
v -0.8712549805641174 -0.01675674266883193 0.9681000106162648
v 0.8712549805641174 -0.01675674266883193 0.9681000106162648
v 0.9356269836425781 -0.016756741914854673 0.9508510224647145
v 0.9827510118484497 -0.016756739854997874 0.9037269942588431
v 1 -0.01675673704120811 0.8393549911803824
v 1 -0.016756731412404042 0.7105829708404167
v -1 -0.016756731412404042 0.7105829708404167
v -1 -0.01675673704120811 0.8393549911803824
v -0.9827510118484497 -0.016756739854997874 0.9037269942588431
v -0.9356269836425781 -0.016756741914854673 0.9508510224647145
v -1 -0.045963132149570415 0.7105829695637642
v 1 -0.045963132149570415 0.7105829695637642
v 1 -0.045963137778374484 0.8393549899037299
v 0.9827510118484497 -0.04596314059216425 0.9037269929821906
v 0.9356269836425781 -0.04596314265202105 0.9508510211880621
v 0.8712549805641174 -0.04596314340599831 0.9681000093396124
v -0.8712549805641174 -0.04596314340599831 0.9681000093396124
v -0.9356269836425781 -0.04596314265202105 0.9508510211880621
v -0.9827510118484497 -0.04596314059216425 0.9037269929821906
v -1 -0.045963137778374484 0.8393549899037299
v 1 -0.0459631312438285 0.6898620108540474
v 1 -0.04596311998744491 0.43234598435716054
v 1 -0.016756719250278527 0.43234598563381293
v 1 -0.016756730506662123 0.6898620121306999
v -1 -0.04596311998744491 0.43234598435716054
v -1 -0.0459631312438285 0.6898620108540474
v -1 -0.016756730506662123 0.6898620121306999
v -1 -0.016756719250278527 0.43234598563381293
v -1 -0.016756730506662123 0.6898620121306999
v 1 -0.016756730506662123 0.6898620121306999
v 1 -0.016756719250278527 0.43234598563381293
v -1 -0.016756719250278527 0.43234598563381293
v -1 -0.016756719250278527 0.43234598563381293
v 1 -0.016756719250278527 0.43234598563381293
v 1 -0.04596311998744491 0.43234598435716054
v -1 -0.04596311998744491 0.43234598435716054
v -1 -0.04596311998744491 0.43234598435716054
v 1 -0.04596311998744491 0.43234598435716054
v 1 -0.0459631312438285 0.6898620108540474
v -1 -0.0459631312438285 0.6898620108540474
v -1 -0.0459631312438285 0.6898620108540474
v 1 -0.0459631312438285 0.6898620108540474
v 1 -0.016756730506662123 0.6898620121306999
v -1 -0.016756730506662123 0.6898620121306999
v 1 0.3839169876382663 0.3713390100924741
v 1 0.3547099964425876 0.3713390088157959
v 1 0.354709999590201 0.2993300116138764
v 1 0.3839169907858797 0.2993300128905546
v -1 0.354709999590201 0.2993300116138764
v -1 0.3547099964425876 0.3713390088157959
v -1 0.3839169876382663 0.3713390100924741
v -1 0.3839169907858797 0.2993300128905546
v -1 0.3839169907858797 0.2993300128905546
v 1 0.3839169907858797 0.2993300128905546
v 1 0.354709999590201 0.2993300116138764
v -1 0.354709999590201 0.2993300116138764
v -0.9280049800872803 0.3839169844912639 0.4433340300051938
v -0.9280049800872803 0.35470999329558517 0.4433340287285156
v 0.9280049800872803 0.35470999329558517 0.4433340287285156
v 0.9280049800872803 0.3839169844912639 0.4433340300051938
v 1 0.354710025766898 -0.29952298044392334
v 1 0.35471002891451137 -0.37153197764584284
v 1 0.3839170201101901 -0.37153197636916463
v 1 0.3839170169625767 -0.29952297916724513
v -1 0.3839170201101901 -0.37153197636916463
v -1 0.35471002891451137 -0.37153197764584284
v -1 0.354710025766898 -0.29952298044392334
v -1 0.3839170169625767 -0.29952297916724513
v -0.9280049800872803 0.3547100320615138 -0.4435269975585625
v -0.9280049800872803 0.3839170232571925 -0.4435269962818843
v 0.9280049800872803 0.3839170232571925 -0.4435269962818843
v 0.9280049800872803 0.3547100320615138 -0.4435269975585625
v -1 0.354710025766898 -0.29952298044392334
v 1 0.354710025766898 -0.29952298044392334
v 1 0.3839170169625767 -0.29952297916724513
v -1 0.3839170169625767 -0.29952297916724513
v 1 0.35471000080585807 0.27151902080348217
v 1 0.35471001206226693 0.014002415955276327
v 1 0.38391700325794564 0.014002417231954525
v 1 0.3839169920015368 0.2715190220801604
v -1 0.35471001206226693 0.014002415955276327
v -1 0.35471000080585807 0.27151902080348217
v -1 0.3839169920015368 0.2715190220801604
v -1 0.38391700325794564 0.014002417231954525
v -1 0.3839169920015368 0.2715190220801604
v 1 0.3839169920015368 0.2715190220801604
v 1 0.38391700325794564 0.014002417231954525
v -1 0.38391700325794564 0.014002417231954525
v -1 0.38391700325794564 0.014002417231954525
v 1 0.38391700325794564 0.014002417231954525
v 1 0.35471001206226693 0.014002415955276327
v -1 0.35471001206226693 0.014002415955276327
v -1 0.35471001206226693 0.014002415955276327
v 1 0.35471001206226693 0.014002415955276327
v 1 0.35471000080585807 0.27151902080348217
v -1 0.35471000080585807 0.27151902080348217
v -1 0.35471000080585807 0.27151902080348217
v 1 0.35471000080585807 0.27151902080348217
v 1 0.3839169920015368 0.2715190220801604
v -1 0.3839169920015368 0.2715190220801604
v 1 0.3547100132948276 -0.014195284202485222
v 1 0.3547100245512409 -0.2717119896335291
v 1 0.3839170157469196 -0.2717119883568509
v 1 0.3839170044905063 -0.014195282925807025
v -1 0.3547100245512409 -0.2717119896335291
v -1 0.3547100132948276 -0.014195284202485222
v -1 0.3839170044905063 -0.014195282925807025
v -1 0.3839170157469196 -0.2717119883568509
v -1 0.3839170044905063 -0.014195282925807025
v 1 0.3839170044905063 -0.014195282925807025
v 1 0.3839170157469196 -0.2717119883568509
v -1 0.3839170157469196 -0.2717119883568509
v -1 0.3839170157469196 -0.2717119883568509
v 1 0.3839170157469196 -0.2717119883568509
v 1 0.3547100245512409 -0.2717119896335291
v -1 0.3547100245512409 -0.2717119896335291
v -1 0.3547100245512409 -0.2717119896335291
v 1 0.3547100245512409 -0.2717119896335291
v 1 0.3547100132948276 -0.014195284202485222
v -1 0.3547100132948276 -0.014195284202485222
v -1 0.3547100132948276 -0.014195284202485222
v 1 0.3547100132948276 -0.014195284202485222
v 1 0.3839170044905063 -0.014195282925807025
v -1 0.3839170044905063 -0.014195282925807025
v 0.9789130091667175 0.35470999421728383 0.4222480213718719
v 0.9789130091667175 0.38391698541296254 0.4222480226485501
v -0.9789130091667175 0.38391698541300684 0.4222470093695889
v -0.9789130091667175 0.35470999421732813 0.4222470080929107
v 0.9789130091667175 0.3839170223354495 -0.42243997564627944
v 0.9789130091667175 0.3547100311397708 -0.42243997692295765
v -0.9789130091667175 0.3547100311397708 -0.42243997692295765
v -0.9789130091667175 0.3839170223354495 -0.42243997564627944
v -0.9280049800872803 0.3839169844912639 0.4433340300051938
v 0.9280049800872803 0.3839169844912639 0.4433340300051938
v 0.9789130091667175 0.38391698541296254 0.4222480226485501
v 1 0.3839169876382663 0.3713390100924741
v 1 0.3839169907858797 0.2993300128905546
v -1 0.3839169907858797 0.2993300128905546
v -1 0.3839169876382663 0.3713390100924741
v -0.9789130091667175 0.38391698541300684 0.4222470093695889
v -1 0.354709999590201 0.2993300116138764
v 1 0.354709999590201 0.2993300116138764
v 1 0.3547099964425876 0.3713390088157959
v 0.9789130091667175 0.35470999421728383 0.4222480213718719
v 0.9280049800872803 0.35470999329558517 0.4433340287285156
v -0.9280049800872803 0.35470999329558517 0.4433340287285156
v -0.9789130091667175 0.35470999421732813 0.4222470080929107
v -1 0.3547099964425876 0.3713390088157959
v -0.9280049800872803 0.3547100320615138 -0.4435269975585625
v 0.9280049800872803 0.3547100320615138 -0.4435269975585625
v 0.9789130091667175 0.3547100311397708 -0.42243997692295765
v 1 0.35471002891451137 -0.37153197764584284
v 1 0.354710025766898 -0.29952298044392334
v -1 0.354710025766898 -0.29952298044392334
v -1 0.35471002891451137 -0.37153197764584284
v -0.9789130091667175 0.3547100311397708 -0.42243997692295765
v -1 0.3839170169625767 -0.29952297916724513
v 1 0.3839170169625767 -0.29952297916724513
v 1 0.3839170201101901 -0.37153197636916463
v 0.9789130091667175 0.3839170223354495 -0.42243997564627944
v 0.9280049800872803 0.3839170232571925 -0.4435269962818843
v -0.9280049800872803 0.3839170232571925 -0.4435269962818843
v -0.9789130091667175 0.3839170223354495 -0.42243997564627944
v -1 0.3839170201101901 -0.37153197636916463
vt 0.7046499848365784 1
vt 0.7046480178833008 0.937720999121666
vt 0.6975839734077454 0.937720999121666
vt 0.6975859999656677 1
vt 0.7046369910240173 0.45406001806259155
vt 0.7046350240707397 0.39178502559661865
vt 0.6975749731063843 0.39178502559661865
vt 0.6975740194320679 0.45406001806259155
vt 0.4843440055847168 0.19933700561523438
vt 0.9680070281028748 0.19931799173355103
vt 0.9680089950561523 0.13703900575637817
vt 0.48434099555015564 0.13705801963806152
vt 0.6975740194320679 0.45406001806259155
vt 0.6975839734077454 0.937720999121666
vt 0.7046480178833008 0.937720999121666
vt 0.7046369910240173 0.45406001806259155
vt 0.677606999874115 1
vt 0.6776040196418762 0.5163240134716034
vt 0.615327000617981 0.5163240134716034
vt 0.6153280138969421 1
vt 0.487388014793396 0.3846060037612915
vt 0.9710530042648315 0.3846690058708191
vt 0.9710549712181091 0.37760597467422485
vt 0.4873889982700348 0.37754297256469727
vt 0.9361730217933655 0.025249004364013672
vt 0.9361169934272766 0.032308995723724365
vt 0.9672629833221436 0.032536983489990234
vt 0.9673119783401489 0.02547699213027954
vt 0.3868640065193176 0.028334975242614746
vt 0.4180060029029846 0.028554975986480713
vt 0.41805699467658997 0.02149498462677002
vt 0.386914998292923 0.021268010139465332
vt 0.487388014793396 0.3634070158004761
vt 0.9710500240325928 0.3633750081062317
vt 0.9710490107536316 0.35631197690963745
vt 0.487388014793396 0.35634398460388184
vt 0.46640801429748535 0.021847009658813477
vt 0.4663569927215576 0.02890700101852417
vt 0.8877689838409424 0.031965017318725586
vt 0.8878179788589478 0.024897992610931396
vt 0.903885006904602 0.03207498788833618
vt 0.9039340019226074 0.02501499652862549
vt 0.9200009703636169 0.03219199180603027
vt 0.9200500249862671 0.02513200044631958
vt 0.4502910077571869 0.021730005741119385
vt 0.45023998618125916 0.028789997100830078
vt 0.4341740012168884 0.021613001823425293
vt 0.4341230094432831 0.028672993183135986
vt 0.22304099798202515 0.323855996131897
vt 0.6444420218467712 0.3239259719848633
vt 0.6600109934806824 0.3197559714317322
vt 0.6714069843292236 0.30836302042007446
vt 0.6755819916725159 0.2927929759025574
vt 0.675586998462677 0.2616509795188904
vt 0.19191400706768036 0.26157498359680176
vt 0.19190900027751923 0.29271697998046875
vt 0.19607800245285034 0.3082849979400635
vt 0.20747199654579163 0.3196849822998047
vt 0 0.8697910010814667
vt 0.4836840033531189 0.8698759973049164
vt 0.48368901014328003 0.8387369960546494
vt 0.4795199930667877 0.8231649994850159
vt 0.46812599897384644 0.8117679953575134
vt 0.4525589942932129 0.8075920045375824
vt 0.031146999448537827 0.8075190037488937
vt 0.015581999905407429 0.8116929978132248
vt 0.004184999968856573 0.8230820000171661
vt 0.000009999999747378752 0.8386519998311996
vt 0.6809309720993042 0.4507399797439575
vt 0.6879910230636597 0.45076102018356323
vt 0.6880859732627869 0.41961902379989624
vt 0.6810230016708374 0.4195989966392517
vt 0.6863600015640259 1
vt 0.6864510178565979 0.9688620008528233
vt 0.6793879866600037 0.9688380006700754
vt 0.6792960166931152 0.9999840000000404
vt 0.9710490107536316 0.3846690058708191
vt 0.487388014793396 0.3847479820251465
vt 0.4873889982700348 0.3918120265007019
vt 0.9710509777069092 0.39173299074172974
vt 0.679531991481781 0.9204910025000572
vt 0.6865959763526917 0.9205140024423599
vt 0.6878499984741211 0.49911099672317505
vt 0.6807870268821716 0.4990900158882141
vt 0.6878970265388489 0.482994019985199
vt 0.6808339953422546 0.48297297954559326
vt 0.6879439949989319 0.4668779969215393
vt 0.6808810234069824 0.4668560028076172
vt 0.679485023021698 0.9366070032119751
vt 0.6865490078926086 0.9366300031542778
vt 0.6794390082359314 0.9527230001986027
vt 0.6864979863166809 0.9527460001409054
vt 0.45252901315689087 0.07472997903823853
vt 0.031130999326705933 0.07475000619888306
vt 0.015568000264465809 0.07892197370529175
vt 0.004168999847024679 0.09032297134399414
vt 0 0.10588699579238892
vt 0.000003000000106112566 0.13703197240829468
vt 0.4836669862270355 0.1370059847831726
vt 0.48366498947143555 0.10586100816726685
vt 0.47949299216270447 0.09029000997543335
vt 0.4680970013141632 0.07889902591705322
vt 0.48398301005363464 0.8750059977173805
vt 0.0003319999959785491 0.8697910010814667
vt 0 0.9009340032935143
vt 0.004004000220447779 0.9165479987859726
vt 0.015274999663233757 0.9280690029263496
vt 0.030799999833106995 0.9324039965867996
vt 0.4521780014038086 0.936939999461174
vt 0.46779000759124756 0.9329359978437424
vt 0.47930899262428284 0.9216649979352951
vt 0.4836469888687134 0.906140998005867
vt 0.0000019999999949504854 0.02133399248123169
vt 0.06229599937796593 0.021322011947631836
vt 0.06229399889707565 0.014261007308959961
vt 0 0.014271974563598633
vt 0.5460699796676636 0.02124202251434326
vt 0.608361005783081 0.02123802900314331
vt 0.6083589792251587 0.014168977737426758
vt 0.5460690259933472 0.014180004596710205
vt 0.7365130186080933 0.19936901330947876
vt 0.25283899903297424 0.19930797815322876
vt 0.25283199548721313 0.26158398389816284
vt 0.7365059852600098 0.2616490125656128
vt 0.5460690259933472 0.014180004596710205
vt 0.06229399889707565 0.014261007308959961
vt 0.06229599937796593 0.021322011947631836
vt 0.5460699796676636 0.02124202251434326
vt 0.4874739944934845 0.5163139998912811
vt 0.487388014793396 0.9999950000001263
vt 0.5496649742126465 1
vt 0.5497509837150574 0.5163249969482422
vt 0.7320539951324463 1
vt 0.7320650219917297 0.5162729918956757
vt 0.7250040173530579 0.5162720084190369
vt 0.7249889969825745 1
vt 0.7067139744758606 0.4804360270500183
vt 0.7137770056724548 0.48043501377105713
vt 0.7137759923934937 0.4630209803581238
vt 0.706712007522583 0.46302199363708496
vt 0.7138670086860657 1
vt 0.7138609886169434 0.9825849998742342
vt 0.7067980170249939 0.9825870003551245
vt 0.706803023815155 0.9999950000001263
vt 0.9711130261421204 0.349249005317688
vt 0.487388014793396 0.3492479920387268
vt 0.487388014793396 0.35631000995635986
vt 0.9711130261421204 0.35631197690963745
vt 0.7067930102348328 0.955935001373291
vt 0.7138569951057434 0.9559330008924007
vt 0.713782012462616 0.5070860087871552
vt 0.7067180275917053 0.5070880055427551
vt 9.999999974752427e-7 0.007124006748199463
vt 0.017416000366210938 0.007128000259399414
vt 0.0174150001257658 0.00006002187728881836
vt 0 0.00006401538848876953
vt 0.5195519924163818 0.000003993511199951172
vt 0.519553005695343 0.007071018218994141
vt 0.5369669795036316 0.0070670247077941895
vt 0.5369660258293152 0
vt 0.4929029941558838 0.007068991661071777
vt 0.492902010679245 0.000009000301361083984
vt 0.04406600072979927 0.00005501508712768555
vt 0.04406699910759926 0.0071219801902771
vt 0.971045970916748 0.36337602138519287
vt 0.487388014793396 0.36341601610183716
vt 0.487388014793396 0.3704800009727478
vt 0.9710469841957092 0.37043899297714233
vt 0.6956809759140015 0.454056978225708
vt 0.6957039833068848 0.3917809724807739
vt 0.6886410117149353 0.39177900552749634
vt 0.6886169910430908 0.45405399799346924
vt 0.695497989654541 1
vt 0.6955180168151855 0.937720999121666
vt 0.6884549856185913 0.9377169981598854
vt 0.6884350180625916 0.9999960000000101
vt 0.4836679995059967 0.1370059847831726
vt 0 0.1370530128479004
vt 0.000011000000085914508 0.19933301210403442
vt 0.48367300629615784 0.19928497076034546
vt 0.9711199998855591 0.37052297592163086
vt 0.487388014793396 0.3704800009727478
vt 0.487388014793396 0.37754201889038086
vt 0.9711189866065979 0.3775849938392639
vt 0.42341798543930054 0.3239099979400635
vt 0.4234910011291504 0.8075869977474213
vt 0.48576900362968445 0.8075769990682602
vt 0.4856959879398346 0.3238999843597412
vt 0.6955180168151855 0.937720999121666
vt 0.6956809759140015 0.454056978225708
vt 0.6886169910430908 0.45405399799346924
vt 0.6884549856185913 0.9377169981598854
vt 0.06396999955177307 0.014181017875671387
vt 0.12625600397586823 0.014178991317749023
vt 0.12625600397586823 0.0071179866790771484
vt 0.06396999955177307 0.007120013236999512
vt 0.6100389957427979 0.014168977737426758
vt 0.6723290085792542 0.01417398452758789
vt 0.6723290085792542 0.007104992866516113
vt 0.6100389957427979 0.0071070194244384766
vt 0.4843739867210388 0.9377270005643368
vt 0.0007280000136233866 0.9320859983563423
vt 0 0.994359000120312
vt 0.48364800214767456 1
vt 0.6100389957427979 0.0071070194244384766
vt 0.12625600397586823 0.0071179866790771484
vt 0.12625600397586823 0.014178991317749023
vt 0.6100389957427979 0.014168977737426758
vt 0.5514310002326965 0.51630899310112
vt 0.5513569712638855 0.9999900000002526
vt 0.6136339902877808 1
vt 0.6137080192565918 0.5163190066814423
vt 0.7229139804840088 1
vt 0.7229269742965698 0.5163320004940033
vt 0.7158640027046204 0.5163320004940033
vt 0.7158510088920593 1
vt 0.713778018951416 0.49376100301742554
vt 0.7067180275917053 0.4937620162963867
vt 0.7067970037460327 0.9692570008337498
vt 0.7138609886169434 0.9692550003528595
vt 0.030743999406695366 0.00005799531936645508
vt 0.03074599988758564 0.0071250200271606445
vt 0.5062280297279358 0.007066011428833008
vt 0.5062270164489746 0.000006020069122314453
vt 0.9506139755249023 0.06735998392105103
vt 0.5017510056495667 0.06739699840545654
vt 0.489439994096756 0.07249701023101807
vt 0.48434099555015564 0.08480900526046753
vt 0.4843429923057556 0.10222500562667847
vt 0.9680280089378357 0.10218298435211182
vt 0.9680259823799133 0.08477497100830078
vt 0.9629259705543518 0.0724639892578125
vt 0.9680240154266357 0.032536983489990234
vt 0.4843420088291168 0.032509028911590576
vt 0.48434099555015564 0.049925029277801514
vt 0.489439994096756 0.06223702430725098
vt 0.5017520189285278 0.06733697652816772
vt 0.9506109952926636 0.06735998392105103
vt 0.962922990322113 0.06226402521133423
vt 0.9680219888687134 0.04995298385620117
vt 0.46651700139045715 0.039995014667510986
vt 0.01766500063240528 0.03672999143600464
vt 0.00531500019133091 0.04173797369003296
vt 0.00012799999967683107 0.054010987281799316
vt 0 0.07142597436904907
vt 0.48367398977279663 0.07494699954986572
vt 0.483801007270813 0.05753201246261597
vt 0.4787909984588623 0.045181989669799805
vt 0.9680240154266357 0.102183997631073
vt 0.48434099555015564 0.10223501920700073
vt 0.4843429923057556 0.11965101957321167
vt 0.48944398760795593 0.13196200132369995
vt 0.5017560124397278 0.13705700635910034
vt 0.9506130218505859 0.13701200485229492
vt 0.9629309773445129 0.1319119930267334
vt 0.9680269956588745 0.11959999799728394
vn -1 0 0
vn -1 0 0
vn -1 0 0
vn -1 0 0
vn 1 0 0
vn 1 0 0
vn 1 0 0
vn 1 0 0
vn 0 0.9999999999999991 4.371139050718397e-8
vn 0 0.9999999999999991 4.371139050718397e-8
vn 0 0.9999999999999991 4.371139050718397e-8
vn 0 0.9999999999999991 4.371139050718397e-8
vn 0 -4.371139050718397e-8 0.9999999999999991
vn 0 -4.371139050718397e-8 0.9999999999999991
vn 0 -4.371139050718397e-8 0.9999999999999991
vn 0 -4.371139050718397e-8 0.9999999999999991
vn 0 -0.9999999999999991 -4.371139050718397e-8
vn 0 -0.9999999999999991 -4.371139050718397e-8
vn 0 -0.9999999999999991 -4.371139050718397e-8
vn 0 -0.9999999999999991 -4.371139050718397e-8
vn 0 4.371139050718397e-8 -0.9999999999999991
vn 0 4.371139050718397e-8 -0.9999999999999991
vn 0 4.371139050718397e-8 -0.9999999999999991
vn 0 4.371139050718397e-8 -0.9999999999999991
vn -0.9960360031658164 3.888171896136102e-9 -0.0889509999801328
vn -0.9960360031658164 3.888171896136102e-9 -0.0889509999801328
vn -1 0 0
vn -1 0 0
vn 1 0 0
vn 0.996036091903101 3.8881284623784305e-9 -0.08895000633163139
vn 0.996036091903101 3.8881284623784305e-9 -0.08895000633163139
vn 1 0 0
vn 0 -4.371139050718397e-8 0.9999999999999991
vn 0 -4.371139050718397e-8 0.9999999999999991
vn 0 -4.371139050718397e-8 0.9999999999999991
vn 0 -4.371139050718397e-8 0.9999999999999991
vn 0.009545994104429873 4.3709398839648864e-8 -0.9999544359602374
vn 0.009545994104429873 4.3709398839648864e-8 -0.9999544359602374
vn -0.009545994104429873 4.3709398839648864e-8 -0.9999544359602374
vn -0.009545994104429873 4.3709398839648864e-8 -0.9999544359602374
vn -0.5000009542721363 3.785515053117374e-8 -0.8660248528344621
vn -0.5000009542721363 3.785515053117374e-8 -0.8660248528344621
vn -0.8660252966602509 2.1855703363999643e-8 -0.5000001855444894
vn -0.8660252966602509 2.1855703363999643e-8 -0.5000001855444894
vn 0.5000001855444901 3.785516993141607e-8 -0.8660252966602501
vn 0.5000001855444901 3.785516993141607e-8 -0.8660252966602501
vn 0.8660252966602509 2.1855703363999643e-8 -0.5000001855444894
vn 0.8660252966602509 2.1855703363999643e-8 -0.5000001855444894
vn 0 0.9999999999999991 4.371139050718397e-8
vn 0 0.9999999999999991 4.371139050718397e-8
vn 0 0.9999999999999991 4.371139050718397e-8
vn 0 0.9999999999999991 4.371139050718397e-8
vn 0 0.9999999999999991 4.371139050718397e-8
vn 0 0.9999999999999991 4.371139050718397e-8
vn 0 0.9999999999999991 4.371139050718397e-8
vn 0 0.9999999999999991 4.371139050718397e-8
vn 0 0.9999999999999991 4.371139050718397e-8
vn 0 0.9999999999999991 4.371139050718397e-8
vn 0 -0.9999999999999991 -4.371139050718397e-8
vn 0 -0.9999999999999991 -4.371139050718397e-8
vn 0 -0.9999999999999991 -4.371139050718397e-8
vn 0 -0.9999999999999991 -4.371139050718397e-8
vn 0 -0.9999999999999991 -4.371139050718397e-8
vn 0 -0.9999999999999991 -4.371139050718397e-8
vn 0 -0.9999999999999991 -4.371139050718397e-8
vn 0 -0.9999999999999991 -4.371139050718397e-8
vn 0 -0.9999999999999991 -4.371139050718397e-8
vn 0 -0.9999999999999991 -4.371139050718397e-8
vn 0.996036091903101 -3.8881284623784305e-9 0.08895000633163139
vn 0.996036091903101 -3.8881284623784305e-9 0.08895000633163139
vn 1 0 0
vn 1 0 0
vn -1 0 0
vn -0.996036091903101 -3.8881284623784305e-9 0.08895000633163139
vn -0.996036091903101 -3.8881284623784305e-9 0.08895000633163139
vn -1 0 0
vn 0 4.371139050718397e-8 -0.9999999999999991
vn 0 4.371139050718397e-8 -0.9999999999999991
vn 0 4.371139050718397e-8 -0.9999999999999991
vn 0 4.371139050718397e-8 -0.9999999999999991
vn -0.009545994104429873 -4.3709398839648864e-8 0.9999544359602374
vn -0.009545994104429873 -4.3709398839648864e-8 0.9999544359602374
vn 0.009545994104429873 -4.3709398839648864e-8 0.9999544359602374
vn 0.009545994104429873 -4.3709398839648864e-8 0.9999544359602374
vn 0.4999997504879325 -3.7855180910843104e-8 0.8660255478402492
vn 0.4999997504879325 -3.7855180910843104e-8 0.8660255478402492
vn 0.8660252966602509 -2.1855703363999643e-8 0.5000001855444894
vn 0.8660252966602509 -2.1855703363999643e-8 0.5000001855444894
vn -0.4999997504879325 -3.7855180910843104e-8 0.8660255478402492
vn -0.4999997504879325 -3.7855180910843104e-8 0.8660255478402492
vn -0.8660252966602509 -2.1855703363999643e-8 0.5000001855444894
vn -0.8660252966602509 -2.1855703363999643e-8 0.5000001855444894
vn 0 0.9999999999999991 4.371139050718397e-8
vn 0 0.9999999999999991 4.371139050718397e-8
vn 0 0.9999999999999991 4.371139050718397e-8
vn 0 0.9999999999999991 4.371139050718397e-8
vn 0 0.9999999999999991 4.371139050718397e-8
vn 0 0.9999999999999991 4.371139050718397e-8
vn 0 0.9999999999999991 4.371139050718397e-8
vn 0 0.9999999999999991 4.371139050718397e-8
vn 0 0.9999999999999991 4.371139050718397e-8
vn 0 0.9999999999999991 4.371139050718397e-8
vn 0 -0.9999999999999991 -4.371139050718397e-8
vn 0 -0.9999999999999991 -4.371139050718397e-8
vn 0 -0.9999999999999991 -4.371139050718397e-8
vn 0 -0.9999999999999991 -4.371139050718397e-8
vn 0 -0.9999999999999991 -4.371139050718397e-8
vn 0 -0.9999999999999991 -4.371139050718397e-8
vn 0 -0.9999999999999991 -4.371139050718397e-8
vn 0 -0.9999999999999991 -4.371139050718397e-8
vn 0 -0.9999999999999991 -4.371139050718397e-8
vn 0 -0.9999999999999991 -4.371139050718397e-8
vn 1 0 0
vn 1 0 0
vn 1 0 0
vn 1 0 0
vn -1 0 0
vn -1 0 0
vn -1 0 0
vn -1 0 0
vn 0 0.9999999999999991 4.371139050718397e-8
vn 0 0.9999999999999991 4.371139050718397e-8
vn 0 0.9999999999999991 4.371139050718397e-8
vn 0 0.9999999999999991 4.371139050718397e-8
vn 0 4.371139050718397e-8 -0.9999999999999991
vn 0 4.371139050718397e-8 -0.9999999999999991
vn 0 4.371139050718397e-8 -0.9999999999999991
vn 0 4.371139050718397e-8 -0.9999999999999991
vn 0 -0.9999999999999991 -4.371139050718397e-8
vn 0 -0.9999999999999991 -4.371139050718397e-8
vn 0 -0.9999999999999991 -4.371139050718397e-8
vn 0 -0.9999999999999991 -4.371139050718397e-8
vn 0 -4.371139050718397e-8 0.9999999999999991
vn 0 -4.371139050718397e-8 0.9999999999999991
vn 0 -4.371139050718397e-8 0.9999999999999991
vn 0 -4.371139050718397e-8 0.9999999999999991
vn 0.9856018207790685 -7.390851746971423e-9 0.16908297039319142
vn 0.9856018207790685 -7.390851746971423e-9 0.16908297039319142
vn 1 0 0
vn 1 0 0
vn -1 0 0
vn -0.9856019880815512 -7.390809118483737e-9 0.16908199516711897
vn -0.9856019880815512 -7.390809118483737e-9 0.16908199516711897
vn -1 0 0
vn 0 4.371139050718397e-8 -0.9999999999999991
vn 0 4.371139050718397e-8 -0.9999999999999991
vn 0 4.371139050718397e-8 -0.9999999999999991
vn 0 4.371139050718397e-8 -0.9999999999999991
vn -0.011056998349695125 -4.37087184091316e-8 0.999938869525279
vn -0.011056998349695125 -4.37087184091316e-8 0.999938869525279
vn 0.011056998349695125 -4.37087184091316e-8 0.999938869525279
vn 0.011056998349695125 -4.37087184091316e-8 0.999938869525279
vn 1 0 0
vn 0.9856018207790685 7.390851746971423e-9 -0.16908297039319142
vn 0.9856018207790685 7.390851746971423e-9 -0.16908297039319142
vn 1 0 0
vn -0.9856019880815512 7.390809118483737e-9 -0.16908199516711897
vn -0.9856019880815512 7.390809118483737e-9 -0.16908199516711897
vn -1 0 0
vn -1 0 0
vn -0.011056998349695125 4.37087184091316e-8 -0.999938869525279
vn -0.011056998349695125 4.37087184091316e-8 -0.999938869525279
vn 0.011056998349695125 4.37087184091316e-8 -0.999938869525279
vn 0.011056998349695125 4.37087184091316e-8 -0.999938869525279
vn 0 -4.371139050718397e-8 0.9999999999999991
vn 0 -4.371139050718397e-8 0.9999999999999991
vn 0 -4.371139050718397e-8 0.9999999999999991
vn 0 -4.371139050718397e-8 0.9999999999999991
vn 1 0 0
vn 1 0 0
vn 1 0 0
vn 1 0 0
vn -1 0 0
vn -1 0 0
vn -1 0 0
vn -1 0 0
vn 0 0.9999999999999991 4.371139050718397e-8
vn 0 0.9999999999999991 4.371139050718397e-8
vn 0 0.9999999999999991 4.371139050718397e-8
vn 0 0.9999999999999991 4.371139050718397e-8
vn 0 4.371139050718397e-8 -0.9999999999999991
vn 0 4.371139050718397e-8 -0.9999999999999991
vn 0 4.371139050718397e-8 -0.9999999999999991
vn 0 4.371139050718397e-8 -0.9999999999999991
vn 0 -0.9999999999999991 -4.371139050718397e-8
vn 0 -0.9999999999999991 -4.371139050718397e-8
vn 0 -0.9999999999999991 -4.371139050718397e-8
vn 0 -0.9999999999999991 -4.371139050718397e-8
vn 0 -4.371139050718397e-8 0.9999999999999991
vn 0 -4.371139050718397e-8 0.9999999999999991
vn 0 -4.371139050718397e-8 0.9999999999999991
vn 0 -4.371139050718397e-8 0.9999999999999991
vn 1 0 0
vn 1 0 0
vn 1 0 0
vn 1 0 0
vn -1 0 0
vn -1 0 0
vn -1 0 0
vn -1 0 0
vn 0 0.9999999999999991 4.371139050718397e-8
vn 0 0.9999999999999991 4.371139050718397e-8
vn 0 0.9999999999999991 4.371139050718397e-8
vn 0 0.9999999999999991 4.371139050718397e-8
vn 0 4.371139050718397e-8 -0.9999999999999991
vn 0 4.371139050718397e-8 -0.9999999999999991
vn 0 4.371139050718397e-8 -0.9999999999999991
vn 0 4.371139050718397e-8 -0.9999999999999991
vn 0 -0.9999999999999991 -4.371139050718397e-8
vn 0 -0.9999999999999991 -4.371139050718397e-8
vn 0 -0.9999999999999991 -4.371139050718397e-8
vn 0 -0.9999999999999991 -4.371139050718397e-8
vn 0 -4.371139050718397e-8 0.9999999999999991
vn 0 -4.371139050718397e-8 0.9999999999999991
vn 0 -4.371139050718397e-8 0.9999999999999991
vn 0 -4.371139050718397e-8 0.9999999999999991
vn 0.7071067811865476 -3.090862064272307e-8 0.7071067811865468
vn 0.7071067811865476 -3.090862064272307e-8 0.7071067811865468
vn -0.7071067811865476 -3.090862064272307e-8 0.7071067811865468
vn -0.7071067811865476 -3.090862064272307e-8 0.7071067811865468
vn 0.7071067811865476 3.090862064272307e-8 -0.7071067811865468
vn 0.7071067811865476 3.090862064272307e-8 -0.7071067811865468
vn -0.7071067811865476 3.090862064272307e-8 -0.7071067811865468
vn -0.7071067811865476 3.090862064272307e-8 -0.7071067811865468
vn 0 0.9999999999999991 4.371139050718397e-8
vn 0 0.9999999999999991 4.371139050718397e-8
vn 0 0.9999999999999991 4.371139050718397e-8
vn 0 0.9999999999999991 4.371139050718397e-8
vn 0 0.9999999999999991 4.371139050718397e-8
vn 0 0.9999999999999991 4.371139050718397e-8
vn 0 0.9999999999999991 4.371139050718397e-8
vn 0 0.9999999999999991 4.371139050718397e-8
vn 0 -0.9999999999999991 -4.371139050718397e-8
vn 0 -0.9999999999999991 -4.371139050718397e-8
vn 0 -0.9999999999999991 -4.371139050718397e-8
vn 0 -0.9999999999999991 -4.371139050718397e-8
vn 0 -0.9999999999999991 -4.371139050718397e-8
vn 0 -0.9999999999999991 -4.371139050718397e-8
vn 0 -0.9999999999999991 -4.371139050718397e-8
vn 0 -0.9999999999999991 -4.371139050718397e-8
vn 0 -0.9999999999999991 -4.371139050718397e-8
vn 0 -0.9999999999999991 -4.371139050718397e-8
vn 0 -0.9999999999999991 -4.371139050718397e-8
vn 0 -0.9999999999999991 -4.371139050718397e-8
vn 0 -0.9999999999999991 -4.371139050718397e-8
vn 0 -0.9999999999999991 -4.371139050718397e-8
vn 0 -0.9999999999999991 -4.371139050718397e-8
vn 0 -0.9999999999999991 -4.371139050718397e-8
vn 0 0.9999999999999991 4.371139050718397e-8
vn 0 0.9999999999999991 4.371139050718397e-8
vn 0 0.9999999999999991 4.371139050718397e-8
vn 0 0.9999999999999991 4.371139050718397e-8
vn 0 0.9999999999999991 4.371139050718397e-8
vn 0 0.9999999999999991 4.371139050718397e-8
vn 0 0.9999999999999991 4.371139050718397e-8
vn 0 0.9999999999999991 4.371139050718397e-8
f 600/600/600 597/597/597 598/598/598
f 598/598/598 599/599/599 600/600/600
f 604/604/604 601/601/601 602/602/602
f 602/602/602 603/603/603 604/604/604
f 608/608/608 605/605/605 606/606/606
f 606/606/606 607/607/607 608/608/608
f 612/612/612 609/609/609 610/610/610
f 610/610/610 611/611/611 612/612/612
f 616/616/616 613/613/613 614/614/614
f 614/614/614 615/615/615 616/616/616
f 620/620/620 617/617/617 618/618/618
f 618/618/618 619/619/619 620/620/620
f 624/624/624 621/621/621 622/622/622
f 622/622/622 623/623/623 624/624/624
f 628/628/628 625/625/625 626/626/626
f 626/626/626 627/627/627 628/628/628
f 632/632/632 629/629/629 630/630/630
f 630/630/630 631/631/631 632/632/632
f 636/636/636 633/633/633 634/634/634
f 634/634/634 635/635/635 636/636/636
f 636/636/636 635/635/635 637/637/637
f 637/637/637 638/638/638 636/636/636
f 638/638/638 637/637/637 639/639/639
f 639/639/639 640/640/640 638/638/638
f 640/640/640 639/639/639 622/622/622
f 622/622/622 621/621/621 640/640/640
f 634/634/634 633/633/633 641/641/641
f 641/641/641 642/642/642 634/634/634
f 642/642/642 641/641/641 643/643/643
f 643/643/643 644/644/644 642/642/642
f 644/644/644 643/643/643 627/627/627
f 627/627/627 626/626/626 644/644/644
f 654/654/654 645/645/645 646/646/646
f 654/654/654 646/646/646 647/647/647
f 654/654/654 647/647/647 648/648/648
f 654/654/654 648/648/648 649/649/649
f 654/654/654 649/649/649 650/650/650
f 654/654/654 650/650/650 651/651/651
f 654/654/654 651/651/651 652/652/652
f 652/652/652 653/653/653 654/654/654
f 664/664/664 655/655/655 656/656/656
f 664/664/664 656/656/656 657/657/657
f 664/664/664 657/657/657 658/658/658
f 664/664/664 658/658/658 659/659/659
f 664/664/664 659/659/659 660/660/660
f 664/664/664 660/660/660 661/661/661
f 664/664/664 661/661/661 662/662/662
f 662/662/662 663/663/663 664/664/664
f 668/668/668 665/665/665 666/666/666
f 666/666/666 667/667/667 668/668/668
f 672/672/672 669/669/669 670/670/670
f 670/670/670 671/671/671 672/672/672
f 676/676/676 673/673/673 674/674/674
f 674/674/674 675/675/675 676/676/676
f 680/680/680 677/677/677 678/678/678
f 678/678/678 679/679/679 680/680/680
f 680/680/680 679/679/679 681/681/681
f 681/681/681 682/682/682 680/680/680
f 682/682/682 681/681/681 683/683/683
f 683/683/683 684/684/684 682/682/682
f 684/684/684 683/683/683 666/666/666
f 666/666/666 665/665/665 684/684/684
f 678/678/678 677/677/677 685/685/685
f 685/685/685 686/686/686 678/678/678
f 686/686/686 685/685/685 687/687/687
f 687/687/687 688/688/688 686/686/686
f 688/688/688 687/687/687 671/671/671
f 671/671/671 670/670/670 688/688/688
f 698/698/698 689/689/689 690/690/690
f 698/698/698 690/690/690 691/691/691
f 698/698/698 691/691/691 692/692/692
f 698/698/698 692/692/692 693/693/693
f 698/698/698 693/693/693 694/694/694
f 698/698/698 694/694/694 695/695/695
f 698/698/698 695/695/695 696/696/696
f 696/696/696 697/697/697 698/698/698
f 708/708/708 699/699/699 700/700/700
f 708/708/708 700/700/700 701/701/701
f 708/708/708 701/701/701 702/702/702
f 708/708/708 702/702/702 703/703/703
f 708/708/708 703/703/703 704/704/704
f 708/708/708 704/704/704 705/705/705
f 708/708/708 705/705/705 706/706/706
f 706/706/706 707/707/707 708/708/708
f 712/712/712 709/709/709 710/710/710
f 710/710/710 711/711/711 712/712/712
f 716/716/716 713/713/713 714/714/714
f 714/714/714 715/715/715 716/716/716
f 720/720/720 717/717/717 718/718/718
f 718/718/718 719/719/719 720/720/720
f 724/724/724 721/721/721 722/722/722
f 722/722/722 723/723/723 724/724/724
f 728/728/728 725/725/725 726/726/726
f 726/726/726 727/727/727 728/728/728
f 732/732/732 729/729/729 730/730/730
f 730/730/730 731/731/731 732/732/732
f 736/736/736 733/733/733 734/734/734
f 734/734/734 735/735/735 736/736/736
f 740/740/740 737/737/737 738/738/738
f 738/738/738 739/739/739 740/740/740
f 744/744/744 741/741/741 742/742/742
f 742/742/742 743/743/743 744/744/744
f 748/748/748 745/745/745 746/746/746
f 746/746/746 747/747/747 748/748/748
f 752/752/752 749/749/749 750/750/750
f 750/750/750 751/751/751 752/752/752
f 756/756/756 753/753/753 754/754/754
f 754/754/754 755/755/755 756/756/756
f 760/760/760 757/757/757 758/758/758
f 758/758/758 759/759/759 760/760/760
f 764/764/764 761/761/761 762/762/762
f 762/762/762 763/763/763 764/764/764
f 768/768/768 765/765/765 766/766/766
f 766/766/766 767/767/767 768/768/768
f 772/772/772 769/769/769 770/770/770
f 770/770/770 771/771/771 772/772/772
f 776/776/776 773/773/773 774/774/774
f 774/774/774 775/775/775 776/776/776
f 780/780/780 777/777/777 778/778/778
f 778/778/778 779/779/779 780/780/780
f 784/784/784 781/781/781 782/782/782
f 782/782/782 783/783/783 784/784/784
f 788/788/788 785/785/785 786/786/786
f 786/786/786 787/787/787 788/788/788
f 792/792/792 789/789/789 790/790/790
f 790/790/790 791/791/791 792/792/792
f 796/796/796 793/793/793 794/794/794
f 794/794/794 795/795/795 796/796/796
f 800/800/800 797/797/797 798/798/798
f 798/798/798 799/799/799 800/800/800
f 804/804/804 801/801/801 802/802/802
f 802/802/802 803/803/803 804/804/804
f 808/808/808 805/805/805 806/806/806
f 806/806/806 807/807/807 808/808/808
f 812/812/812 809/809/809 810/810/810
f 810/810/810 811/811/811 812/812/812
f 748/748/748 747/747/747 813/813/813
f 813/813/813 814/814/814 748/748/748
f 814/814/814 813/813/813 734/734/734
f 734/734/734 733/733/733 814/814/814
f 746/746/746 745/745/745 815/815/815
f 815/815/815 816/816/816 746/746/746
f 816/816/816 815/815/815 739/739/739
f 739/739/739 738/738/738 816/816/816
f 760/760/760 759/759/759 817/817/817
f 817/817/817 818/818/818 760/760/760
f 818/818/818 817/817/817 751/751/751
f 751/751/751 750/750/750 818/818/818
f 758/758/758 757/757/757 819/819/819
f 819/819/819 820/820/820 758/758/758
f 820/820/820 819/819/819 754/754/754
f 754/754/754 753/753/753 820/820/820
f 828/828/828 821/821/821 822/822/822
f 828/828/828 822/822/822 823/823/823
f 828/828/828 823/823/823 824/824/824
f 828/828/828 824/824/824 825/825/825
f 828/828/828 825/825/825 826/826/826
f 826/826/826 827/827/827 828/828/828
f 836/836/836 829/829/829 830/830/830
f 836/836/836 830/830/830 831/831/831
f 836/836/836 831/831/831 832/832/832
f 836/836/836 832/832/832 833/833/833
f 836/836/836 833/833/833 834/834/834
f 834/834/834 835/835/835 836/836/836
f 844/844/844 837/837/837 838/838/838
f 844/844/844 838/838/838 839/839/839
f 844/844/844 839/839/839 840/840/840
f 844/844/844 840/840/840 841/841/841
f 844/844/844 841/841/841 842/842/842
f 842/842/842 843/843/843 844/844/844
f 852/852/852 845/845/845 846/846/846
f 852/852/852 846/846/846 847/847/847
f 852/852/852 847/847/847 848/848/848
f 852/852/852 848/848/848 849/849/849
f 852/852/852 849/849/849 850/850/850
f 850/850/850 851/851/851 852/852/852
